352.0240000,0.1949083,0.0325138,-89.8282800,10.6740945,0.2272440,0.2216560,0.2216560,0.2197930,0.2142050,0.2104800,0.2067550,0.2048920,0.2030290,0.1993040,0.1955790,0.1918530,0.1899910,0.1862650,0.1825400,0.1788150,0.1750900,0.1732270,0.1695020,0.1676390,0.1639140,0.1620510,0.1583260,0.1583260,0.1583260,0.1546000,0.1546000,0.1546000,0.1527380,0.1508750,0.1508750,0.1527380,0.1527380,0.1527380,0.1527380,0.1527380,0.1546000,0.1546000,0.1564630,0.1564630,0.1583260,0.1583260,0.1583260,0.1601880,0.1639140,0.1639140,0.1657760,0.1676390,0.1695020,0.1713640,0.1732270,0.1732270,0.1750900,0.1769520,0.1788150,0.1806770,0.1825400,0.1844030,0.1862650,0.1881280,0.1899910,0.1918530,0.1937160,0.1955790,0.1974410,0.1993040,0.2011670,0.2030290,0.2048920,0.2048920,0.2067550,0.2104800,0.2123420,0.2142050,0.2160680,0.2179300,0.2197930,0.2216560,0.2216560,0.2253810,0.2253810,0.2272440,0.2309690,0.2328320,0.2346940,0.2365570,0.2365570,0.2384200,0.2402830,0.2421460,0.2440080,0.2458710,0.2477340,0.2495960,0.2514590,0.2533220,0.2533220,0.2551840,0.2570470,0.2589090
5.0010000,0.3483160,0.0000000,-90.0000000,0.0000000,0.3483160,0.3483160,0.3483160,0.3483160,0.3483160,0.3483160,0.3483160,0.3483160,0.3483160,0.3483160,0.3483160,0.3483160,0.3483160,0.3483160,0.3483160,0.3483160,0.3483160,0.3483160,0.3483160,0.3483160,0.3483160,0.3483160,0.3483160,0.3483160,0.3483160,0.3483160,0.3483160,0.3483160,0.3483160,0.3483160,0.3483160,0.3483160,0.3483160,0.3483160,0.3483160,0.3483160,0.3483160,0.3483160,0.3483160,0.3483160,0.3483160,0.3483160,0.3483160,0.3483160,0.3483160,0.3483160,0.3483160,0.3483160,0.3483160,0.3483160,0.3483160,0.3483160,0.3483160,0.3483160,0.3483160,0.3483160,0.3483160,0.3483160,0.3483160,0.3483160,0.3483160,0.3483160,0.3483160,0.3483160,0.3483160,0.3483160,0.3483160,0.3483160,0.3483160,0.3483160,0.3483160,0.3483160,0.3483160,0.3483160,0.3483160,0.3483160,0.3483160,0.3483160,0.3483160,0.3483160,0.3483160,0.3483160,0.3483160,0.3483160,0.3483160,0.3483160,0.3483160,0.3483160,0.3483160,0.3483160,0.3483160,0.3483160,0.3483160,0.3483160,0.3483160,0.3483160,0.3483160,0.3483160,0.3483160,0.3483160
10.0020000,0.3483160,0.0000000,-90.8363400,0.5966987,0.3483160,0.3483160,0.3483160,0.3483160,0.3483160,0.3483160,0.3483160,0.3483160,0.3483160,0.3483160,0.3483160,0.3483160,0.3483160,0.3483160,0.3483160,0.3483160,0.3483160,0.3483160,0.3483160,0.3483160,0.3483160,0.3483160,0.3483160,0.3483160,0.3483160,0.3483160,0.3483160,0.3483160,0.3483160,0.3483160,0.3483160,0.3483160,0.3483160,0.3483160,0.3483160,0.3483160,0.3483160,0.3483160,0.3483160,0.3483160,0.3483160,0.3483160,0.3483160,0.3483160,0.3483160,0.3483160,0.3483160,0.3483160,0.3483160,0.3483160,0.3483160,0.3483160,0.3483160,0.3483160,0.3483160,0.3483160,0.3483160,0.3483160,0.3483160,0.3483160,0.3483160,0.3483160,0.3483160,0.3483160,0.3483160,0.3483160,0.3483160,0.3483160,0.3483160,0.3483160,0.3483160,0.3483160,0.3483160,0.3483160,0.3483160,0.3483160,0.3483160,0.3483160,0.3483160,0.3483160,0.3483160,0.3483160,0.3483160,0.3483160,0.3483160,0.3483160,0.3483160,0.3483160,0.3483160,0.3483160,0.3483160,0.3483160,0.3483160,0.3483160,0.3483160,0.3483160,0.3483160,0.3483160,0.3483160,0.3483160
15.0020000,0.3482043,0.0004444,-90.0000000,0.0000000,0.3464540,0.3464540,0.3464540,0.3464540,0.3464540,0.3464540,0.3483160,0.3483160,0.3483160,0.3483160,0.3483160,0.3483160,0.3483160,0.3483160,0.3483160,0.3483160,0.3483160,0.3483160,0.3483160,0.3483160,0.3483160,0.3483160,0.3483160,0.3483160,0.3483160,0.3483160,0.3483160,0.3483160,0.3483160,0.3483160,0.3483160,0.3483160,0.3483160,0.3483160,0.3483160,0.3483160,0.3483160,0.3483160,0.3483160,0.3483160,0.3483160,0.3483160,0.3483160,0.3483160,0.3483160,0.3483160,0.3483160,0.3483160,0.3483160,0.3483160,0.3483160,0.3483160,0.3483160,0.3483160,0.3483160,0.3483160,0.3483160,0.3483160,0.3483160,0.3483160,0.3483160,0.3483160,0.3483160,0.3483160,0.3483160,0.3483160,0.3483160,0.3483160,0.3483160,0.3483160,0.3483160,0.3483160,0.3483160,0.3483160,0.3483160,0.3483160,0.3483160,0.3483160,0.3483160,0.3483160,0.3483160,0.3483160,0.3483160,0.3483160,0.3483160,0.3483160,0.3483160,0.3483160,0.3483160,0.3483160,0.3483160,0.3483160,0.3483160,0.3483160,0.3483160,0.3483160,0.3483160,0.3483160,0.3483160,0.3483160
20.0030000,0.3483160,0.0000000,-90.0000000,0.0000000,0.3483160,0.3483160,0.3483160,0.3483160,0.3483160,0.3483160,0.3483160,0.3483160,0.3483160,0.3483160,0.3483160,0.3483160,0.3483160,0.3483160,0.3483160,0.3483160,0.3483160,0.3483160,0.3483160,0.3483160,0.3483160,0.3483160,0.3483160,0.3483160,0.3483160,0.3483160,0.3483160,0.3483160,0.3483160,0.3483160,0.3483160,0.3483160,0.3483160,0.3483160,0.3483160,0.3483160,0.3483160,0.3483160,0.3483160,0.3483160,0.3483160,0.3483160,0.3483160,0.3483160,0.3483160,0.3483160,0.3483160,0.3483160,0.3483160,0.3483160,0.3483160,0.3483160,0.3483160,0.3483160,0.3483160,0.3483160,0.3483160,0.3483160,0.3483160,0.3483160,0.3483160,0.3483160,0.3483160,0.3483160,0.3483160,0.3483160,0.3483160,0.3483160,0.3483160,0.3483160,0.3483160,0.3483160,0.3483160,0.3483160,0.3483160,0.3483160,0.3483160,0.3483160,0.3483160,0.3483160,0.3483160,0.3483160,0.3483160,0.3483160,0.3483160,0.3483160,0.3483160,0.3483160,0.3483160,0.3483160,0.3483160,0.3483160,0.3483160,0.3483160,0.3483160,0.3483160,0.3483160,0.3483160,0.3483160,0.3483160
25.0040000,0.3410895,0.0048187,-90.0000000,0.0000000,0.3315530,0.3315530,0.3315530,0.3315530,0.3315530,0.3315530,0.3334150,0.3334150,0.3334150,0.3334150,0.3334150,0.3334150,0.3334150,0.3352780,0.3352780,0.3352780,0.3352780,0.3352780,0.3352780,0.3352780,0.3371410,0.3371410,0.3371410,0.3371410,0.3371410,0.3371410,0.3371410,0.3371410,0.3371410,0.3390030,0.3390030,0.3390030,0.3390030,0.3390030,0.3390030,0.3390030,0.3390030,0.3408660,0.3408660,0.3408660,0.3408660,0.3408660,0.3408660,0.3408660,0.3408660,0.3408660,0.3408660,0.3408660,0.3427290,0.3427290,0.3427290,0.3427290,0.3427290,0.3427290,0.3427290,0.3427290,0.3427290,0.3427290,0.3427290,0.3445910,0.3445910,0.3445910,0.3445910,0.3445910,0.3445910,0.3445910,0.3445910,0.3445910,0.3445910,0.3445910,0.3445910,0.3445910,0.3445910,0.3445910,0.3445910,0.3445910,0.3464540,0.3464540,0.3464540,0.3464540,0.3464540,0.3464540,0.3464540,0.3464540,0.3464540,0.3464540,0.3464540,0.3464540,0.3464540,0.3464540,0.3464540,0.3464540,0.3464540,0.3464540,0.3464540,0.3464540,0.3464540,0.3464540,0.3464540,0.3464540
30.0050000,0.3454852,0.0024475,-90.0000000,0.0000000,0.3408660,0.3408660,0.3408660,0.3408660,0.3408660,0.3408660,0.3408660,0.3408660,0.3408660,0.3408660,0.3408660,0.3408660,0.3427290,0.3427290,0.3427290,0.3427290,0.3427290,0.3427290,0.3427290,0.3427290,0.3427290,0.3427290,0.3427290,0.3427290,0.3445910,0.3445910,0.3445910,0.3445910,0.3445910,0.3445910,0.3445910,0.3445910,0.3445910,0.3445910,0.3445910,0.3445910,0.3445910,0.3445910,0.3445910,0.3445910,0.3445910,0.3464540,0.3464540,0.3464540,0.3464540,0.3464540,0.3464540,0.3464540,0.3464540,0.3464540,0.3464540,0.3464540,0.3464540,0.3464540,0.3464540,0.3464540,0.3464540,0.3464540,0.3464540,0.3464540,0.3464540,0.3464540,0.3464540,0.3464540,0.3464540,0.3464540,0.3464540,0.3464540,0.3464540,0.3464540,0.3464540,0.3464540,0.3464540,0.3464540,0.3464540,0.3483160,0.3483160,0.3483160,0.3483160,0.3483160,0.3483160,0.3483160,0.3483160,0.3483160,0.3483160,0.3483160,0.3483160,0.3483160,0.3483160,0.3483160,0.3483160,0.3483160,0.3483160,0.3483160,0.3483160,0.3483160,0.3483160,0.3483160,0.3483160,0.3483160
35.0060000,0.3435296,0.0031129,-90.0000000,0.0000000,0.3371410,0.3371410,0.3371410,0.3371410,0.3371410,0.3371410,0.3371410,0.3390030,0.3390030,0.3390030,0.3390030,0.3390030,0.3390030,0.3390030,0.3390030,0.3390030,0.3390030,0.3408660,0.3408660,0.3408660,0.3408660,0.3408660,0.3408660,0.3408660,0.3408660,0.3408660,0.3408660,0.3408660,0.3427290,0.3427290,0.3427290,0.3427290,0.3427290,0.3427290,0.3427290,0.3427290,0.3427290,0.3427290,0.3427290,0.3427290,0.3427290,0.3427290,0.3427290,0.3427290,0.3427290,0.3445910,0.3445910,0.3445910,0.3445910,0.3445910,0.3445910,0.3445910,0.3445910,0.3445910,0.3445910,0.3445910,0.3445910,0.3445910,0.3445910,0.3445910,0.3445910,0.3445910,0.3445910,0.3464540,0.3464540,0.3464540,0.3464540,0.3464540,0.3464540,0.3464540,0.3464540,0.3464540,0.3464540,0.3464540,0.3464540,0.3464540,0.3464540,0.3464540,0.3464540,0.3464540,0.3464540,0.3464540,0.3464540,0.3464540,0.3464540,0.3464540,0.3464540,0.3464540,0.3464540,0.3464540,0.3464540,0.3464540,0.3464540,0.3464540,0.3464540,0.3464540,0.3464540,0.3483160,0.3483160,0.3483160
40.0060000,0.3483160,0.0000000,-90.0000000,0.0000000,0.3483160,0.3483160,0.3483160,0.3483160,0.3483160,0.3483160,0.3483160,0.3483160,0.3483160,0.3483160,0.3483160,0.3483160,0.3483160,0.3483160,0.3483160,0.3483160,0.3483160,0.3483160,0.3483160,0.3483160,0.3483160,0.3483160,0.3483160,0.3483160,0.3483160,0.3483160,0.3483160,0.3483160,0.3483160,0.3483160,0.3483160,0.3483160,0.3483160,0.3483160,0.3483160,0.3483160,0.3483160,0.3483160,0.3483160,0.3483160,0.3483160,0.3483160,0.3483160,0.3483160,0.3483160,0.3483160,0.3483160,0.3483160,0.3483160,0.3483160,0.3483160,0.3483160,0.3483160,0.3483160,0.3483160,0.3483160,0.3483160,0.3483160,0.3483160,0.3483160,0.3483160,0.3483160,0.3483160,0.3483160,0.3483160,0.3483160,0.3483160,0.3483160,0.3483160,0.3483160,0.3483160,0.3483160,0.3483160,0.3483160,0.3483160,0.3483160,0.3483160,0.3483160,0.3483160,0.3483160,0.3483160,0.3483160,0.3483160,0.3483160,0.3483160,0.3483160,0.3483160,0.3483160,0.3483160,0.3483160,0.3483160,0.3483160,0.3483160,0.3483160,0.3483160,0.3483160,0.3483160,0.3483160,0.3483160,0.3483160
45.0070000,0.3361721,0.0058812,-90.0000000,0.0000000,0.3241020,0.3241020,0.3241020,0.3241020,0.3259650,0.3259650,0.3259650,0.3259650,0.3278270,0.3278270,0.3278270,0.3278270,0.3278270,0.3296900,0.3296900,0.3296900,0.3296900,0.3296900,0.3296900,0.3315530,0.3315530,0.3315530,0.3315530,0.3315530,0.3315530,0.3315530,0.3315530,0.3315530,0.3315530,0.3315530,0.3315530,0.3334150,0.3334150,0.3334150,0.3334150,0.3334150,0.3334150,0.3334150,0.3352780,0.3352780,0.3352780,0.3352780,0.3352780,0.3352780,0.3352780,0.3352780,0.3371410,0.3371410,0.3371410,0.3371410,0.3371410,0.3371410,0.3371410,0.3371410,0.3371410,0.3371410,0.3371410,0.3390030,0.3390030,0.3390030,0.3390030,0.3390030,0.3390030,0.3390030,0.3390030,0.3390030,0.3408660,0.3408660,0.3408660,0.3408660,0.3408660,0.3408660,0.3408660,0.3408660,0.3408660,0.3408660,0.3408660,0.3427290,0.3427290,0.3427290,0.3427290,0.3427290,0.3427290,0.3427290,0.3427290,0.3427290,0.3427290,0.3427290,0.3427290,0.3427290,0.3427290,0.3427290,0.3427290,0.3445910,0.3445910,0.3445910,0.3445910,0.3445910,0.3445910,0.3445910
50.0080000,0.3479250,0.0007622,-90.0000000,0.0000000,0.3464540,0.3464540,0.3464540,0.3464540,0.3464540,0.3464540,0.3464540,0.3464540,0.3464540,0.3464540,0.3464540,0.3464540,0.3464540,0.3464540,0.3464540,0.3464540,0.3464540,0.3464540,0.3464540,0.3464540,0.3464540,0.3483160,0.3483160,0.3483160,0.3483160,0.3483160,0.3483160,0.3483160,0.3483160,0.3483160,0.3483160,0.3483160,0.3483160,0.3483160,0.3483160,0.3483160,0.3483160,0.3483160,0.3483160,0.3483160,0.3483160,0.3483160,0.3483160,0.3483160,0.3483160,0.3483160,0.3483160,0.3483160,0.3483160,0.3483160,0.3483160,0.3483160,0.3483160,0.3483160,0.3483160,0.3483160,0.3483160,0.3483160,0.3483160,0.3483160,0.3483160,0.3483160,0.3483160,0.3483160,0.3483160,0.3483160,0.3483160,0.3483160,0.3483160,0.3483160,0.3483160,0.3483160,0.3483160,0.3483160,0.3483160,0.3483160,0.3483160,0.3483160,0.3483160,0.3483160,0.3483160,0.3483160,0.3483160,0.3483160,0.3483160,0.3483160,0.3483160,0.3483160,0.3483160,0.3483160,0.3483160,0.3483160,0.3483160,0.3483160,0.3483160,0.3483160,0.3483160,0.3483160,0.3483160,0.3483160
55.0090000,0.3483160,0.0000000,-90.0000000,0.0000000,0.3483160,0.3483160,0.3483160,0.3483160,0.3483160,0.3483160,0.3483160,0.3483160,0.3483160,0.3483160,0.3483160,0.3483160,0.3483160,0.3483160,0.3483160,0.3483160,0.3483160,0.3483160,0.3483160,0.3483160,0.3483160,0.3483160,0.3483160,0.3483160,0.3483160,0.3483160,0.3483160,0.3483160,0.3483160,0.3483160,0.3483160,0.3483160,0.3483160,0.3483160,0.3483160,0.3483160,0.3483160,0.3483160,0.3483160,0.3483160,0.3483160,0.3483160,0.3483160,0.3483160,0.3483160,0.3483160,0.3483160,0.3483160,0.3483160,0.3483160,0.3483160,0.3483160,0.3483160,0.3483160,0.3483160,0.3483160,0.3483160,0.3483160,0.3483160,0.3483160,0.3483160,0.3483160,0.3483160,0.3483160,0.3483160,0.3483160,0.3483160,0.3483160,0.3483160,0.3483160,0.3483160,0.3483160,0.3483160,0.3483160,0.3483160,0.3483160,0.3483160,0.3483160,0.3483160,0.3483160,0.3483160,0.3483160,0.3483160,0.3483160,0.3483160,0.3483160,0.3483160,0.3483160,0.3483160,0.3483160,0.3483160,0.3483160,0.3483160,0.3483160,0.3483160,0.3483160,0.3483160,0.3483160,0.3483160,0.3483160
60.0100000,0.3483160,0.0000000,-90.1519800,0.1946952,0.3483160,0.3483160,0.3483160,0.3483160,0.3483160,0.3483160,0.3483160,0.3483160,0.3483160,0.3483160,0.3483160,0.3483160,0.3483160,0.3483160,0.3483160,0.3483160,0.3483160,0.3483160,0.3483160,0.3483160,0.3483160,0.3483160,0.3483160,0.3483160,0.3483160,0.3483160,0.3483160,0.3483160,0.3483160,0.3483160,0.3483160,0.3483160,0.3483160,0.3483160,0.3483160,0.3483160,0.3483160,0.3483160,0.3483160,0.3483160,0.3483160,0.3483160,0.3483160,0.3483160,0.3483160,0.3483160,0.3483160,0.3483160,0.3483160,0.3483160,0.3483160,0.3483160,0.3483160,0.3483160,0.3483160,0.3483160,0.3483160,0.3483160,0.3483160,0.3483160,0.3483160,0.3483160,0.3483160,0.3483160,0.3483160,0.3483160,0.3483160,0.3483160,0.3483160,0.3483160,0.3483160,0.3483160,0.3483160,0.3483160,0.3483160,0.3483160,0.3483160,0.3483160,0.3483160,0.3483160,0.3483160,0.3483160,0.3483160,0.3483160,0.3483160,0.3483160,0.3483160,0.3483160,0.3483160,0.3483160,0.3483160,0.3483160,0.3483160,0.3483160,0.3483160,0.3483160,0.3483160,0.3483160,0.3483160,0.3483160
65.0100000,0.3178808,0.0062100,-90.0000000,0.0000000,0.3352780,0.3334150,0.3334150,0.3315530,0.3315530,0.3315530,0.3315530,0.3296900,0.3296900,0.3278270,0.3259650,0.3259650,0.3241020,0.3241020,0.3222390,0.3222390,0.3203770,0.3185140,0.3185140,0.3166510,0.3166510,0.3166510,0.3166510,0.3166510,0.3166510,0.3147890,0.3147890,0.3147890,0.3129260,0.3129260,0.3129260,0.3129260,0.3129260,0.3129260,0.3110640,0.3110640,0.3110640,0.3110640,0.3110640,0.3110640,0.3110640,0.3110640,0.3110640,0.3110640,0.3110640,0.3110640,0.3110640,0.3110640,0.3110640,0.3110640,0.3110640,0.3110640,0.3129260,0.3129260,0.3129260,0.3129260,0.3129260,0.3129260,0.3129260,0.3129260,0.3129260,0.3147890,0.3147890,0.3147890,0.3147890,0.3147890,0.3147890,0.3147890,0.3166510,0.3166510,0.3166510,0.3166510,0.3166510,0.3166510,0.3166510,0.3166510,0.3166510,0.3166510,0.3166510,0.3185140,0.3185140,0.3185140,0.3185140,0.3185140,0.3203770,0.3203770,0.3203770,0.3203770,0.3203770,0.3203770,0.3222390,0.3222390,0.3222390,0.3222390,0.3222390,0.3241020,0.3241020,0.3241020,0.3241020,0.3241020
70.0110000,0.3483160,0.0000000,-90.0000000,0.0000000,0.3483160,0.3483160,0.3483160,0.3483160,0.3483160,0.3483160,0.3483160,0.3483160,0.3483160,0.3483160,0.3483160,0.3483160,0.3483160,0.3483160,0.3483160,0.3483160,0.3483160,0.3483160,0.3483160,0.3483160,0.3483160,0.3483160,0.3483160,0.3483160,0.3483160,0.3483160,0.3483160,0.3483160,0.3483160,0.3483160,0.3483160,0.3483160,0.3483160,0.3483160,0.3483160,0.3483160,0.3483160,0.3483160,0.3483160,0.3483160,0.3483160,0.3483160,0.3483160,0.3483160,0.3483160,0.3483160,0.3483160,0.3483160,0.3483160,0.3483160,0.3483160,0.3483160,0.3483160,0.3483160,0.3483160,0.3483160,0.3483160,0.3483160,0.3483160,0.3483160,0.3483160,0.3483160,0.3483160,0.3483160,0.3483160,0.3483160,0.3483160,0.3483160,0.3483160,0.3483160,0.3483160,0.3483160,0.3483160,0.3483160,0.3483160,0.3483160,0.3483160,0.3483160,0.3483160,0.3483160,0.3483160,0.3483160,0.3483160,0.3483160,0.3483160,0.3483160,0.3483160,0.3483160,0.3483160,0.3483160,0.3483160,0.3483160,0.3483160,0.3483160,0.3483160,0.3483160,0.3483160,0.3483160,0.3483160,0.3483160
75.0120000,0.3431757,0.0029136,-90.0000000,0.0000000,0.3371410,0.3371410,0.3371410,0.3371410,0.3371410,0.3371410,0.3390030,0.3390030,0.3390030,0.3390030,0.3390030,0.3390030,0.3390030,0.3390030,0.3390030,0.3390030,0.3390030,0.3408660,0.3408660,0.3408660,0.3408660,0.3408660,0.3408660,0.3408660,0.3408660,0.3408660,0.3408660,0.3408660,0.3408660,0.3408660,0.3408660,0.3408660,0.3427290,0.3427290,0.3427290,0.3427290,0.3427290,0.3427290,0.3427290,0.3427290,0.3427290,0.3427290,0.3427290,0.3427290,0.3427290,0.3427290,0.3427290,0.3427290,0.3427290,0.3445910,0.3445910,0.3445910,0.3445910,0.3445910,0.3445910,0.3445910,0.3445910,0.3445910,0.3445910,0.3445910,0.3445910,0.3445910,0.3445910,0.3445910,0.3445910,0.3445910,0.3445910,0.3445910,0.3445910,0.3445910,0.3445910,0.3445910,0.3464540,0.3464540,0.3464540,0.3464540,0.3464540,0.3464540,0.3464540,0.3464540,0.3464540,0.3464540,0.3464540,0.3464540,0.3464540,0.3464540,0.3464540,0.3464540,0.3464540,0.3464540,0.3464540,0.3464540,0.3464540,0.3464540,0.3464540,0.3464540,0.3464540,0.3464540,0.3464540,0.3464540
80.0130000,0.3483160,0.0000000,-90.0000000,0.0000000,0.3483160,0.3483160,0.3483160,0.3483160,0.3483160,0.3483160,0.3483160,0.3483160,0.3483160,0.3483160,0.3483160,0.3483160,0.3483160,0.3483160,0.3483160,0.3483160,0.3483160,0.3483160,0.3483160,0.3483160,0.3483160,0.3483160,0.3483160,0.3483160,0.3483160,0.3483160,0.3483160,0.3483160,0.3483160,0.3483160,0.3483160,0.3483160,0.3483160,0.3483160,0.3483160,0.3483160,0.3483160,0.3483160,0.3483160,0.3483160,0.3483160,0.3483160,0.3483160,0.3483160,0.3483160,0.3483160,0.3483160,0.3483160,0.3483160,0.3483160,0.3483160,0.3483160,0.3483160,0.3483160,0.3483160,0.3483160,0.3483160,0.3483160,0.3483160,0.3483160,0.3483160,0.3483160,0.3483160,0.3483160,0.3483160,0.3483160,0.3483160,0.3483160,0.3483160,0.3483160,0.3483160,0.3483160,0.3483160,0.3483160,0.3483160,0.3483160,0.3483160,0.3483160,0.3483160,0.3483160,0.3483160,0.3483160,0.3483160,0.3483160,0.3483160,0.3483160,0.3483160,0.3483160,0.3483160,0.3483160,0.3483160,0.3483160,0.3483160,0.3483160,0.3483160,0.3483160,0.3483160,0.3483160,0.3483160,0.3483160
85.0140000,0.3483160,0.0000000,-90.0000000,0.0000000,0.3483160,0.3483160,0.3483160,0.3483160,0.3483160,0.3483160,0.3483160,0.3483160,0.3483160,0.3483160,0.3483160,0.3483160,0.3483160,0.3483160,0.3483160,0.3483160,0.3483160,0.3483160,0.3483160,0.3483160,0.3483160,0.3483160,0.3483160,0.3483160,0.3483160,0.3483160,0.3483160,0.3483160,0.3483160,0.3483160,0.3483160,0.3483160,0.3483160,0.3483160,0.3483160,0.3483160,0.3483160,0.3483160,0.3483160,0.3483160,0.3483160,0.3483160,0.3483160,0.3483160,0.3483160,0.3483160,0.3483160,0.3483160,0.3483160,0.3483160,0.3483160,0.3483160,0.3483160,0.3483160,0.3483160,0.3483160,0.3483160,0.3483160,0.3483160,0.3483160,0.3483160,0.3483160,0.3483160,0.3483160,0.3483160,0.3483160,0.3483160,0.3483160,0.3483160,0.3483160,0.3483160,0.3483160,0.3483160,0.3483160,0.3483160,0.3483160,0.3483160,0.3483160,0.3483160,0.3483160,0.3483160,0.3483160,0.3483160,0.3483160,0.3483160,0.3483160,0.3483160,0.3483160,0.3483160,0.3483160,0.3483160,0.3483160,0.3483160,0.3483160,0.3483160,0.3483160,0.3483160,0.3483160,0.3483160,0.3483160
90.0140000,0.3483160,0.0000000,-90.0000000,0.0000000,0.3483160,0.3483160,0.3483160,0.3483160,0.3483160,0.3483160,0.3483160,0.3483160,0.3483160,0.3483160,0.3483160,0.3483160,0.3483160,0.3483160,0.3483160,0.3483160,0.3483160,0.3483160,0.3483160,0.3483160,0.3483160,0.3483160,0.3483160,0.3483160,0.3483160,0.3483160,0.3483160,0.3483160,0.3483160,0.3483160,0.3483160,0.3483160,0.3483160,0.3483160,0.3483160,0.3483160,0.3483160,0.3483160,0.3483160,0.3483160,0.3483160,0.3483160,0.3483160,0.3483160,0.3483160,0.3483160,0.3483160,0.3483160,0.3483160,0.3483160,0.3483160,0.3483160,0.3483160,0.3483160,0.3483160,0.3483160,0.3483160,0.3483160,0.3483160,0.3483160,0.3483160,0.3483160,0.3483160,0.3483160,0.3483160,0.3483160,0.3483160,0.3483160,0.3483160,0.3483160,0.3483160,0.3483160,0.3483160,0.3483160,0.3483160,0.3483160,0.3483160,0.3483160,0.3483160,0.3483160,0.3483160,0.3483160,0.3483160,0.3483160,0.3483160,0.3483160,0.3483160,0.3483160,0.3483160,0.3483160,0.3483160,0.3483160,0.3483160,0.3483160,0.3483160,0.3483160,0.3483160,0.3483160,0.3483160,0.3483160
95.0150000,0.3483160,0.0000000,-90.0000000,0.0000000,0.3483160,0.3483160,0.3483160,0.3483160,0.3483160,0.3483160,0.3483160,0.3483160,0.3483160,0.3483160,0.3483160,0.3483160,0.3483160,0.3483160,0.3483160,0.3483160,0.3483160,0.3483160,0.3483160,0.3483160,0.3483160,0.3483160,0.3483160,0.3483160,0.3483160,0.3483160,0.3483160,0.3483160,0.3483160,0.3483160,0.3483160,0.3483160,0.3483160,0.3483160,0.3483160,0.3483160,0.3483160,0.3483160,0.3483160,0.3483160,0.3483160,0.3483160,0.3483160,0.3483160,0.3483160,0.3483160,0.3483160,0.3483160,0.3483160,0.3483160,0.3483160,0.3483160,0.3483160,0.3483160,0.3483160,0.3483160,0.3483160,0.3483160,0.3483160,0.3483160,0.3483160,0.3483160,0.3483160,0.3483160,0.3483160,0.3483160,0.3483160,0.3483160,0.3483160,0.3483160,0.3483160,0.3483160,0.3483160,0.3483160,0.3483160,0.3483160,0.3483160,0.3483160,0.3483160,0.3483160,0.3483160,0.3483160,0.3483160,0.3483160,0.3483160,0.3483160,0.3483160,0.3483160,0.3483160,0.3483160,0.3483160,0.3483160,0.3483160,0.3483160,0.3483160,0.3483160,0.3483160,0.3483160,0.3483160,0.3483160
100.0160000,0.3483160,0.0000000,-90.0000000,0.0000000,0.3483160,0.3483160,0.3483160,0.3483160,0.3483160,0.3483160,0.3483160,0.3483160,0.3483160,0.3483160,0.3483160,0.3483160,0.3483160,0.3483160,0.3483160,0.3483160,0.3483160,0.3483160,0.3483160,0.3483160,0.3483160,0.3483160,0.3483160,0.3483160,0.3483160,0.3483160,0.3483160,0.3483160,0.3483160,0.3483160,0.3483160,0.3483160,0.3483160,0.3483160,0.3483160,0.3483160,0.3483160,0.3483160,0.3483160,0.3483160,0.3483160,0.3483160,0.3483160,0.3483160,0.3483160,0.3483160,0.3483160,0.3483160,0.3483160,0.3483160,0.3483160,0.3483160,0.3483160,0.3483160,0.3483160,0.3483160,0.3483160,0.3483160,0.3483160,0.3483160,0.3483160,0.3483160,0.3483160,0.3483160,0.3483160,0.3483160,0.3483160,0.3483160,0.3483160,0.3483160,0.3483160,0.3483160,0.3483160,0.3483160,0.3483160,0.3483160,0.3483160,0.3483160,0.3483160,0.3483160,0.3483160,0.3483160,0.3483160,0.3483160,0.3483160,0.3483160,0.3483160,0.3483160,0.3483160,0.3483160,0.3483160,0.3483160,0.3483160,0.3483160,0.3483160,0.3483160,0.3483160,0.3483160,0.3483160,0.3483160
105.0170000,0.3483160,0.0000000,-90.0000000,0.0000000,0.3483160,0.3483160,0.3483160,0.3483160,0.3483160,0.3483160,0.3483160,0.3483160,0.3483160,0.3483160,0.3483160,0.3483160,0.3483160,0.3483160,0.3483160,0.3483160,0.3483160,0.3483160,0.3483160,0.3483160,0.3483160,0.3483160,0.3483160,0.3483160,0.3483160,0.3483160,0.3483160,0.3483160,0.3483160,0.3483160,0.3483160,0.3483160,0.3483160,0.3483160,0.3483160,0.3483160,0.3483160,0.3483160,0.3483160,0.3483160,0.3483160,0.3483160,0.3483160,0.3483160,0.3483160,0.3483160,0.3483160,0.3483160,0.3483160,0.3483160,0.3483160,0.3483160,0.3483160,0.3483160,0.3483160,0.3483160,0.3483160,0.3483160,0.3483160,0.3483160,0.3483160,0.3483160,0.3483160,0.3483160,0.3483160,0.3483160,0.3483160,0.3483160,0.3483160,0.3483160,0.3483160,0.3483160,0.3483160,0.3483160,0.3483160,0.3483160,0.3483160,0.3483160,0.3483160,0.3483160,0.3483160,0.3483160,0.3483160,0.3483160,0.3483160,0.3483160,0.3483160,0.3483160,0.3483160,0.3483160,0.3483160,0.3483160,0.3483160,0.3483160,0.3483160,0.3483160,0.3483160,0.3483160,0.3483160,0.3483160
110.0180000,0.3479808,0.0007190,-90.0000000,0.0000000,0.3464540,0.3464540,0.3464540,0.3464540,0.3464540,0.3464540,0.3464540,0.3464540,0.3464540,0.3464540,0.3464540,0.3464540,0.3464540,0.3464540,0.3464540,0.3464540,0.3464540,0.3464540,0.3483160,0.3483160,0.3483160,0.3483160,0.3483160,0.3483160,0.3483160,0.3483160,0.3483160,0.3483160,0.3483160,0.3483160,0.3483160,0.3483160,0.3483160,0.3483160,0.3483160,0.3483160,0.3483160,0.3483160,0.3483160,0.3483160,0.3483160,0.3483160,0.3483160,0.3483160,0.3483160,0.3483160,0.3483160,0.3483160,0.3483160,0.3483160,0.3483160,0.3483160,0.3483160,0.3483160,0.3483160,0.3483160,0.3483160,0.3483160,0.3483160,0.3483160,0.3483160,0.3483160,0.3483160,0.3483160,0.3483160,0.3483160,0.3483160,0.3483160,0.3483160,0.3483160,0.3483160,0.3483160,0.3483160,0.3483160,0.3483160,0.3483160,0.3483160,0.3483160,0.3483160,0.3483160,0.3483160,0.3483160,0.3483160,0.3483160,0.3483160,0.3483160,0.3483160,0.3483160,0.3483160,0.3483160,0.3483160,0.3483160,0.3483160,0.3483160,0.3483160,0.3483160,0.3483160,0.3483160,0.3483160,0.3483160
115.0180000,0.3483160,0.0000000,-90.0000000,0.0000000,0.3483160,0.3483160,0.3483160,0.3483160,0.3483160,0.3483160,0.3483160,0.3483160,0.3483160,0.3483160,0.3483160,0.3483160,0.3483160,0.3483160,0.3483160,0.3483160,0.3483160,0.3483160,0.3483160,0.3483160,0.3483160,0.3483160,0.3483160,0.3483160,0.3483160,0.3483160,0.3483160,0.3483160,0.3483160,0.3483160,0.3483160,0.3483160,0.3483160,0.3483160,0.3483160,0.3483160,0.3483160,0.3483160,0.3483160,0.3483160,0.3483160,0.3483160,0.3483160,0.3483160,0.3483160,0.3483160,0.3483160,0.3483160,0.3483160,0.3483160,0.3483160,0.3483160,0.3483160,0.3483160,0.3483160,0.3483160,0.3483160,0.3483160,0.3483160,0.3483160,0.3483160,0.3483160,0.3483160,0.3483160,0.3483160,0.3483160,0.3483160,0.3483160,0.3483160,0.3483160,0.3483160,0.3483160,0.3483160,0.3483160,0.3483160,0.3483160,0.3483160,0.3483160,0.3483160,0.3483160,0.3483160,0.3483160,0.3483160,0.3483160,0.3483160,0.3483160,0.3483160,0.3483160,0.3483160,0.3483160,0.3483160,0.3483160,0.3483160,0.3483160,0.3483160,0.3483160,0.3483160,0.3483160,0.3483160,0.3483160
120.0190000,0.3467701,0.0034319,-90.0000000,0.0000000,0.3483160,0.3483160,0.3483160,0.3483160,0.3483160,0.3483160,0.3483160,0.3483160,0.3483160,0.3483160,0.3483160,0.3483160,0.3483160,0.3483160,0.3483160,0.3483160,0.3483160,0.3483160,0.3483160,0.3483160,0.3483160,0.3483160,0.3483160,0.3483160,0.3483160,0.3483160,0.3483160,0.3483160,0.3483160,0.3483160,0.3483160,0.3483160,0.3483160,0.3483160,0.3483160,0.3483160,0.3483160,0.3483160,0.3483160,0.3483160,0.3483160,0.3483160,0.3483160,0.3483160,0.3483160,0.3483160,0.3483160,0.3483160,0.3483160,0.3483160,0.3483160,0.3483160,0.3483160,0.3483160,0.3483160,0.3483160,0.3483160,0.3483160,0.3483160,0.3483160,0.3483160,0.3483160,0.3483160,0.3483160,0.3483160,0.3483160,0.3483160,0.3483160,0.3483160,0.3483160,0.3483160,0.3483160,0.3483160,0.3483160,0.3483160,0.3483160,0.3483160,0.3464540,0.3464540,0.3464540,0.3464540,0.3464540,0.3445910,0.3445910,0.3445910,0.3445910,0.3427290,0.3427290,0.3427290,0.3408660,0.3408660,0.3408660,0.3390030,0.3390030,0.3390030,0.3371410,0.3371410,0.3352780,0.3352780,0.3334150
125.0200000,0.3483160,0.0000000,-90.0000000,0.0000000,0.3483160,0.3483160,0.3483160,0.3483160,0.3483160,0.3483160,0.3483160,0.3483160,0.3483160,0.3483160,0.3483160,0.3483160,0.3483160,0.3483160,0.3483160,0.3483160,0.3483160,0.3483160,0.3483160,0.3483160,0.3483160,0.3483160,0.3483160,0.3483160,0.3483160,0.3483160,0.3483160,0.3483160,0.3483160,0.3483160,0.3483160,0.3483160,0.3483160,0.3483160,0.3483160,0.3483160,0.3483160,0.3483160,0.3483160,0.3483160,0.3483160,0.3483160,0.3483160,0.3483160,0.3483160,0.3483160,0.3483160,0.3483160,0.3483160,0.3483160,0.3483160,0.3483160,0.3483160,0.3483160,0.3483160,0.3483160,0.3483160,0.3483160,0.3483160,0.3483160,0.3483160,0.3483160,0.3483160,0.3483160,0.3483160,0.3483160,0.3483160,0.3483160,0.3483160,0.3483160,0.3483160,0.3483160,0.3483160,0.3483160,0.3483160,0.3483160,0.3483160,0.3483160,0.3483160,0.3483160,0.3483160,0.3483160,0.3483160,0.3483160,0.3483160,0.3483160,0.3483160,0.3483160,0.3483160,0.3483160,0.3483160,0.3483160,0.3483160,0.3483160,0.3483160,0.3483160,0.3483160,0.3483160,0.3483160,0.3483160
130.0210000,0.3483160,0.0000000,-90.0000000,0.0000000,0.3483160,0.3483160,0.3483160,0.3483160,0.3483160,0.3483160,0.3483160,0.3483160,0.3483160,0.3483160,0.3483160,0.3483160,0.3483160,0.3483160,0.3483160,0.3483160,0.3483160,0.3483160,0.3483160,0.3483160,0.3483160,0.3483160,0.3483160,0.3483160,0.3483160,0.3483160,0.3483160,0.3483160,0.3483160,0.3483160,0.3483160,0.3483160,0.3483160,0.3483160,0.3483160,0.3483160,0.3483160,0.3483160,0.3483160,0.3483160,0.3483160,0.3483160,0.3483160,0.3483160,0.3483160,0.3483160,0.3483160,0.3483160,0.3483160,0.3483160,0.3483160,0.3483160,0.3483160,0.3483160,0.3483160,0.3483160,0.3483160,0.3483160,0.3483160,0.3483160,0.3483160,0.3483160,0.3483160,0.3483160,0.3483160,0.3483160,0.3483160,0.3483160,0.3483160,0.3483160,0.3483160,0.3483160,0.3483160,0.3483160,0.3483160,0.3483160,0.3483160,0.3483160,0.3483160,0.3483160,0.3483160,0.3483160,0.3483160,0.3483160,0.3483160,0.3483160,0.3483160,0.3483160,0.3483160,0.3483160,0.3483160,0.3483160,0.3483160,0.3483160,0.3483160,0.3483160,0.3483160,0.3483160,0.3483160,0.3483160
135.0220000,0.3483160,0.0000000,-90.0216000,0.0736182,0.3483160,0.3483160,0.3483160,0.3483160,0.3483160,0.3483160,0.3483160,0.3483160,0.3483160,0.3483160,0.3483160,0.3483160,0.3483160,0.3483160,0.3483160,0.3483160,0.3483160,0.3483160,0.3483160,0.3483160,0.3483160,0.3483160,0.3483160,0.3483160,0.3483160,0.3483160,0.3483160,0.3483160,0.3483160,0.3483160,0.3483160,0.3483160,0.3483160,0.3483160,0.3483160,0.3483160,0.3483160,0.3483160,0.3483160,0.3483160,0.3483160,0.3483160,0.3483160,0.3483160,0.3483160,0.3483160,0.3483160,0.3483160,0.3483160,0.3483160,0.3483160,0.3483160,0.3483160,0.3483160,0.3483160,0.3483160,0.3483160,0.3483160,0.3483160,0.3483160,0.3483160,0.3483160,0.3483160,0.3483160,0.3483160,0.3483160,0.3483160,0.3483160,0.3483160,0.3483160,0.3483160,0.3483160,0.3483160,0.3483160,0.3483160,0.3483160,0.3483160,0.3483160,0.3483160,0.3483160,0.3483160,0.3483160,0.3483160,0.3483160,0.3483160,0.3483160,0.3483160,0.3483160,0.3483160,0.3483160,0.3483160,0.3483160,0.3483160,0.3483160,0.3483160,0.3483160,0.3483160,0.3483160,0.3483160,0.3483160
140.0220000,0.3483160,0.0000000,-90.0000000,0.0000000,0.3483160,0.3483160,0.3483160,0.3483160,0.3483160,0.3483160,0.3483160,0.3483160,0.3483160,0.3483160,0.3483160,0.3483160,0.3483160,0.3483160,0.3483160,0.3483160,0.3483160,0.3483160,0.3483160,0.3483160,0.3483160,0.3483160,0.3483160,0.3483160,0.3483160,0.3483160,0.3483160,0.3483160,0.3483160,0.3483160,0.3483160,0.3483160,0.3483160,0.3483160,0.3483160,0.3483160,0.3483160,0.3483160,0.3483160,0.3483160,0.3483160,0.3483160,0.3483160,0.3483160,0.3483160,0.3483160,0.3483160,0.3483160,0.3483160,0.3483160,0.3483160,0.3483160,0.3483160,0.3483160,0.3483160,0.3483160,0.3483160,0.3483160,0.3483160,0.3483160,0.3483160,0.3483160,0.3483160,0.3483160,0.3483160,0.3483160,0.3483160,0.3483160,0.3483160,0.3483160,0.3483160,0.3483160,0.3483160,0.3483160,0.3483160,0.3483160,0.3483160,0.3483160,0.3483160,0.3483160,0.3483160,0.3483160,0.3483160,0.3483160,0.3483160,0.3483160,0.3483160,0.3483160,0.3483160,0.3483160,0.3483160,0.3483160,0.3483160,0.3483160,0.3483160,0.3483160,0.3483160,0.3483160,0.3483160,0.3483160
145.0230000,0.3483160,0.0000000,-90.0000000,0.0000000,0.3483160,0.3483160,0.3483160,0.3483160,0.3483160,0.3483160,0.3483160,0.3483160,0.3483160,0.3483160,0.3483160,0.3483160,0.3483160,0.3483160,0.3483160,0.3483160,0.3483160,0.3483160,0.3483160,0.3483160,0.3483160,0.3483160,0.3483160,0.3483160,0.3483160,0.3483160,0.3483160,0.3483160,0.3483160,0.3483160,0.3483160,0.3483160,0.3483160,0.3483160,0.3483160,0.3483160,0.3483160,0.3483160,0.3483160,0.3483160,0.3483160,0.3483160,0.3483160,0.3483160,0.3483160,0.3483160,0.3483160,0.3483160,0.3483160,0.3483160,0.3483160,0.3483160,0.3483160,0.3483160,0.3483160,0.3483160,0.3483160,0.3483160,0.3483160,0.3483160,0.3483160,0.3483160,0.3483160,0.3483160,0.3483160,0.3483160,0.3483160,0.3483160,0.3483160,0.3483160,0.3483160,0.3483160,0.3483160,0.3483160,0.3483160,0.3483160,0.3483160,0.3483160,0.3483160,0.3483160,0.3483160,0.3483160,0.3483160,0.3483160,0.3483160,0.3483160,0.3483160,0.3483160,0.3483160,0.3483160,0.3483160,0.3483160,0.3483160,0.3483160,0.3483160,0.3483160,0.3483160,0.3483160,0.3483160,0.3483160
150.0240000,0.3483160,0.0000000,-90.0000000,0.0000000,0.3483160,0.3483160,0.3483160,0.3483160,0.3483160,0.3483160,0.3483160,0.3483160,0.3483160,0.3483160,0.3483160,0.3483160,0.3483160,0.3483160,0.3483160,0.3483160,0.3483160,0.3483160,0.3483160,0.3483160,0.3483160,0.3483160,0.3483160,0.3483160,0.3483160,0.3483160,0.3483160,0.3483160,0.3483160,0.3483160,0.3483160,0.3483160,0.3483160,0.3483160,0.3483160,0.3483160,0.3483160,0.3483160,0.3483160,0.3483160,0.3483160,0.3483160,0.3483160,0.3483160,0.3483160,0.3483160,0.3483160,0.3483160,0.3483160,0.3483160,0.3483160,0.3483160,0.3483160,0.3483160,0.3483160,0.3483160,0.3483160,0.3483160,0.3483160,0.3483160,0.3483160,0.3483160,0.3483160,0.3483160,0.3483160,0.3483160,0.3483160,0.3483160,0.3483160,0.3483160,0.3483160,0.3483160,0.3483160,0.3483160,0.3483160,0.3483160,0.3483160,0.3483160,0.3483160,0.3483160,0.3483160,0.3483160,0.3483160,0.3483160,0.3483160,0.3483160,0.3483160,0.3483160,0.3483160,0.3483160,0.3483160,0.3483160,0.3483160,0.3483160,0.3483160,0.3483160,0.3483160,0.3483160,0.3483160,0.3483160
155.0250000,0.3483160,0.0000000,-90.0000000,0.0000000,0.3483160,0.3483160,0.3483160,0.3483160,0.3483160,0.3483160,0.3483160,0.3483160,0.3483160,0.3483160,0.3483160,0.3483160,0.3483160,0.3483160,0.3483160,0.3483160,0.3483160,0.3483160,0.3483160,0.3483160,0.3483160,0.3483160,0.3483160,0.3483160,0.3483160,0.3483160,0.3483160,0.3483160,0.3483160,0.3483160,0.3483160,0.3483160,0.3483160,0.3483160,0.3483160,0.3483160,0.3483160,0.3483160,0.3483160,0.3483160,0.3483160,0.3483160,0.3483160,0.3483160,0.3483160,0.3483160,0.3483160,0.3483160,0.3483160,0.3483160,0.3483160,0.3483160,0.3483160,0.3483160,0.3483160,0.3483160,0.3483160,0.3483160,0.3483160,0.3483160,0.3483160,0.3483160,0.3483160,0.3483160,0.3483160,0.3483160,0.3483160,0.3483160,0.3483160,0.3483160,0.3483160,0.3483160,0.3483160,0.3483160,0.3483160,0.3483160,0.3483160,0.3483160,0.3483160,0.3483160,0.3483160,0.3483160,0.3483160,0.3483160,0.3483160,0.3483160,0.3483160,0.3483160,0.3483160,0.3483160,0.3483160,0.3483160,0.3483160,0.3483160,0.3483160,0.3483160,0.3483160,0.3483160,0.3483160,0.3483160
160.0260000,0.3483160,0.0000000,-90.0000000,0.0000000,0.3483160,0.3483160,0.3483160,0.3483160,0.3483160,0.3483160,0.3483160,0.3483160,0.3483160,0.3483160,0.3483160,0.3483160,0.3483160,0.3483160,0.3483160,0.3483160,0.3483160,0.3483160,0.3483160,0.3483160,0.3483160,0.3483160,0.3483160,0.3483160,0.3483160,0.3483160,0.3483160,0.3483160,0.3483160,0.3483160,0.3483160,0.3483160,0.3483160,0.3483160,0.3483160,0.3483160,0.3483160,0.3483160,0.3483160,0.3483160,0.3483160,0.3483160,0.3483160,0.3483160,0.3483160,0.3483160,0.3483160,0.3483160,0.3483160,0.3483160,0.3483160,0.3483160,0.3483160,0.3483160,0.3483160,0.3483160,0.3483160,0.3483160,0.3483160,0.3483160,0.3483160,0.3483160,0.3483160,0.3483160,0.3483160,0.3483160,0.3483160,0.3483160,0.3483160,0.3483160,0.3483160,0.3483160,0.3483160,0.3483160,0.3483160,0.3483160,0.3483160,0.3483160,0.3483160,0.3483160,0.3483160,0.3483160,0.3483160,0.3483160,0.3483160,0.3483160,0.3483160,0.3483160,0.3483160,0.3483160,0.3483160,0.3483160,0.3483160,0.3483160,0.3483160,0.3483160,0.3483160,0.3483160,0.3483160,0.3483160
165.0260000,0.3483160,0.0000000,-90.0000000,0.0000000,0.3483160,0.3483160,0.3483160,0.3483160,0.3483160,0.3483160,0.3483160,0.3483160,0.3483160,0.3483160,0.3483160,0.3483160,0.3483160,0.3483160,0.3483160,0.3483160,0.3483160,0.3483160,0.3483160,0.3483160,0.3483160,0.3483160,0.3483160,0.3483160,0.3483160,0.3483160,0.3483160,0.3483160,0.3483160,0.3483160,0.3483160,0.3483160,0.3483160,0.3483160,0.3483160,0.3483160,0.3483160,0.3483160,0.3483160,0.3483160,0.3483160,0.3483160,0.3483160,0.3483160,0.3483160,0.3483160,0.3483160,0.3483160,0.3483160,0.3483160,0.3483160,0.3483160,0.3483160,0.3483160,0.3483160,0.3483160,0.3483160,0.3483160,0.3483160,0.3483160,0.3483160,0.3483160,0.3483160,0.3483160,0.3483160,0.3483160,0.3483160,0.3483160,0.3483160,0.3483160,0.3483160,0.3483160,0.3483160,0.3483160,0.3483160,0.3483160,0.3483160,0.3483160,0.3483160,0.3483160,0.3483160,0.3483160,0.3483160,0.3483160,0.3483160,0.3483160,0.3483160,0.3483160,0.3483160,0.3483160,0.3483160,0.3483160,0.3483160,0.3483160,0.3483160,0.3483160,0.3483160,0.3483160,0.3483160,0.3483160
169.9740000,0.3483160,0.0000000,-90.0000000,0.0000000,0.3483160,0.3483160,0.3483160,0.3483160,0.3483160,0.3483160,0.3483160,0.3483160,0.3483160,0.3483160,0.3483160,0.3483160,0.3483160,0.3483160,0.3483160,0.3483160,0.3483160,0.3483160,0.3483160,0.3483160,0.3483160,0.3483160,0.3483160,0.3483160,0.3483160,0.3483160,0.3483160,0.3483160,0.3483160,0.3483160,0.3483160,0.3483160,0.3483160,0.3483160,0.3483160,0.3483160,0.3483160,0.3483160,0.3483160,0.3483160,0.3483160,0.3483160,0.3483160,0.3483160,0.3483160,0.3483160,0.3483160,0.3483160,0.3483160,0.3483160,0.3483160,0.3483160,0.3483160,0.3483160,0.3483160,0.3483160,0.3483160,0.3483160,0.3483160,0.3483160,0.3483160,0.3483160,0.3483160,0.3483160,0.3483160,0.3483160,0.3483160,0.3483160,0.3483160,0.3483160,0.3483160,0.3483160,0.3483160,0.3483160,0.3483160,0.3483160,0.3483160,0.3483160,0.3483160,0.3483160,0.3483160,0.3483160,0.3483160,0.3483160,0.3483160,0.3483160,0.3483160,0.3483160,0.3483160,0.3483160,0.3483160,0.3483160,0.3483160,0.3483160,0.3483160,0.3483160,0.3483160,0.3483160,0.3483160,0.3483160
174.9750000,0.3483160,0.0000000,-90.0000000,0.0000000,0.3483160,0.3483160,0.3483160,0.3483160,0.3483160,0.3483160,0.3483160,0.3483160,0.3483160,0.3483160,0.3483160,0.3483160,0.3483160,0.3483160,0.3483160,0.3483160,0.3483160,0.3483160,0.3483160,0.3483160,0.3483160,0.3483160,0.3483160,0.3483160,0.3483160,0.3483160,0.3483160,0.3483160,0.3483160,0.3483160,0.3483160,0.3483160,0.3483160,0.3483160,0.3483160,0.3483160,0.3483160,0.3483160,0.3483160,0.3483160,0.3483160,0.3483160,0.3483160,0.3483160,0.3483160,0.3483160,0.3483160,0.3483160,0.3483160,0.3483160,0.3483160,0.3483160,0.3483160,0.3483160,0.3483160,0.3483160,0.3483160,0.3483160,0.3483160,0.3483160,0.3483160,0.3483160,0.3483160,0.3483160,0.3483160,0.3483160,0.3483160,0.3483160,0.3483160,0.3483160,0.3483160,0.3483160,0.3483160,0.3483160,0.3483160,0.3483160,0.3483160,0.3483160,0.3483160,0.3483160,0.3483160,0.3483160,0.3483160,0.3483160,0.3483160,0.3483160,0.3483160,0.3483160,0.3483160,0.3483160,0.3483160,0.3483160,0.3483160,0.3483160,0.3483160,0.3483160,0.3483160,0.3483160,0.3483160,0.3483160
179.9760000,0.3476829,0.0008865,-90.0000000,0.0000000,0.3464540,0.3464540,0.3464540,0.3464540,0.3464540,0.3464540,0.3464540,0.3464540,0.3464540,0.3464540,0.3464540,0.3464540,0.3464540,0.3464540,0.3464540,0.3464540,0.3464540,0.3464540,0.3464540,0.3464540,0.3464540,0.3464540,0.3464540,0.3464540,0.3464540,0.3464540,0.3464540,0.3464540,0.3464540,0.3464540,0.3464540,0.3464540,0.3464540,0.3464540,0.3483160,0.3483160,0.3483160,0.3483160,0.3483160,0.3483160,0.3483160,0.3483160,0.3483160,0.3483160,0.3483160,0.3483160,0.3483160,0.3483160,0.3483160,0.3483160,0.3483160,0.3483160,0.3483160,0.3483160,0.3483160,0.3483160,0.3483160,0.3483160,0.3483160,0.3483160,0.3483160,0.3483160,0.3483160,0.3483160,0.3483160,0.3483160,0.3483160,0.3483160,0.3483160,0.3483160,0.3483160,0.3483160,0.3483160,0.3483160,0.3483160,0.3483160,0.3483160,0.3483160,0.3483160,0.3483160,0.3483160,0.3483160,0.3483160,0.3483160,0.3483160,0.3483160,0.3483160,0.3483160,0.3483160,0.3483160,0.3483160,0.3483160,0.3483160,0.3483160,0.3483160,0.3483160,0.3483160,0.3483160,0.3483160,0.3483160
184.9760000,0.3483160,0.0000000,-90.0000000,0.0000000,0.3483160,0.3483160,0.3483160,0.3483160,0.3483160,0.3483160,0.3483160,0.3483160,0.3483160,0.3483160,0.3483160,0.3483160,0.3483160,0.3483160,0.3483160,0.3483160,0.3483160,0.3483160,0.3483160,0.3483160,0.3483160,0.3483160,0.3483160,0.3483160,0.3483160,0.3483160,0.3483160,0.3483160,0.3483160,0.3483160,0.3483160,0.3483160,0.3483160,0.3483160,0.3483160,0.3483160,0.3483160,0.3483160,0.3483160,0.3483160,0.3483160,0.3483160,0.3483160,0.3483160,0.3483160,0.3483160,0.3483160,0.3483160,0.3483160,0.3483160,0.3483160,0.3483160,0.3483160,0.3483160,0.3483160,0.3483160,0.3483160,0.3483160,0.3483160,0.3483160,0.3483160,0.3483160,0.3483160,0.3483160,0.3483160,0.3483160,0.3483160,0.3483160,0.3483160,0.3483160,0.3483160,0.3483160,0.3483160,0.3483160,0.3483160,0.3483160,0.3483160,0.3483160,0.3483160,0.3483160,0.3483160,0.3483160,0.3483160,0.3483160,0.3483160,0.3483160,0.3483160,0.3483160,0.3483160,0.3483160,0.3483160,0.3483160,0.3483160,0.3483160,0.3483160,0.3483160,0.3483160,0.3483160,0.3483160,0.3483160
189.9770000,0.3172475,0.0084300,-90.0000000,0.0000000,0.3092010,0.3092010,0.3073380,0.3073380,0.3073380,0.3073380,0.3073380,0.3073380,0.3073380,0.3073380,0.3073380,0.3073380,0.3073380,0.3073380,0.3073380,0.3073380,0.3073380,0.3073380,0.3073380,0.3073380,0.3073380,0.3073380,0.3073380,0.3073380,0.3073380,0.3092010,0.3092010,0.3092010,0.3092010,0.3092010,0.3092010,0.3110640,0.3110640,0.3110640,0.3110640,0.3110640,0.3129260,0.3129260,0.3129260,0.3129260,0.3129260,0.3129260,0.3147890,0.3147890,0.3147890,0.3147890,0.3147890,0.3166510,0.3166510,0.3166510,0.3166510,0.3166510,0.3166510,0.3166510,0.3166510,0.3166510,0.3185140,0.3185140,0.3185140,0.3185140,0.3185140,0.3203770,0.3203770,0.3203770,0.3203770,0.3203770,0.3222390,0.3222390,0.3222390,0.3222390,0.3222390,0.3241020,0.3241020,0.3241020,0.3241020,0.3241020,0.3259650,0.3259650,0.3259650,0.3259650,0.3259650,0.3278270,0.3278270,0.3278270,0.3278270,0.3278270,0.3296900,0.3296900,0.3296900,0.3296900,0.3296900,0.3296900,0.3315530,0.3315530,0.3315530,0.3315530,0.3315530,0.3315530,0.3315530,0.3315530
194.9780000,0.3483160,0.0000000,-90.0054000,0.0379904,0.3483160,0.3483160,0.3483160,0.3483160,0.3483160,0.3483160,0.3483160,0.3483160,0.3483160,0.3483160,0.3483160,0.3483160,0.3483160,0.3483160,0.3483160,0.3483160,0.3483160,0.3483160,0.3483160,0.3483160,0.3483160,0.3483160,0.3483160,0.3483160,0.3483160,0.3483160,0.3483160,0.3483160,0.3483160,0.3483160,0.3483160,0.3483160,0.3483160,0.3483160,0.3483160,0.3483160,0.3483160,0.3483160,0.3483160,0.3483160,0.3483160,0.3483160,0.3483160,0.3483160,0.3483160,0.3483160,0.3483160,0.3483160,0.3483160,0.3483160,0.3483160,0.3483160,0.3483160,0.3483160,0.3483160,0.3483160,0.3483160,0.3483160,0.3483160,0.3483160,0.3483160,0.3483160,0.3483160,0.3483160,0.3483160,0.3483160,0.3483160,0.3483160,0.3483160,0.3483160,0.3483160,0.3483160,0.3483160,0.3483160,0.3483160,0.3483160,0.3483160,0.3483160,0.3483160,0.3483160,0.3483160,0.3483160,0.3483160,0.3483160,0.3483160,0.3483160,0.3483160,0.3483160,0.3483160,0.3483160,0.3483160,0.3483160,0.3483160,0.3483160,0.3483160,0.3483160,0.3483160,0.3483160,0.3483160,0.3483160
199.9790000,0.3483160,0.0000000,-90.0000000,0.0000000,0.3483160,0.3483160,0.3483160,0.3483160,0.3483160,0.3483160,0.3483160,0.3483160,0.3483160,0.3483160,0.3483160,0.3483160,0.3483160,0.3483160,0.3483160,0.3483160,0.3483160,0.3483160,0.3483160,0.3483160,0.3483160,0.3483160,0.3483160,0.3483160,0.3483160,0.3483160,0.3483160,0.3483160,0.3483160,0.3483160,0.3483160,0.3483160,0.3483160,0.3483160,0.3483160,0.3483160,0.3483160,0.3483160,0.3483160,0.3483160,0.3483160,0.3483160,0.3483160,0.3483160,0.3483160,0.3483160,0.3483160,0.3483160,0.3483160,0.3483160,0.3483160,0.3483160,0.3483160,0.3483160,0.3483160,0.3483160,0.3483160,0.3483160,0.3483160,0.3483160,0.3483160,0.3483160,0.3483160,0.3483160,0.3483160,0.3483160,0.3483160,0.3483160,0.3483160,0.3483160,0.3483160,0.3483160,0.3483160,0.3483160,0.3483160,0.3483160,0.3483160,0.3483160,0.3483160,0.3483160,0.3483160,0.3483160,0.3483160,0.3483160,0.3483160,0.3483160,0.3483160,0.3483160,0.3483160,0.3483160,0.3483160,0.3483160,0.3483160,0.3483160,0.3483160,0.3483160,0.3483160,0.3483160,0.3483160,0.3483160
204.9800000,0.3483160,0.0000000,-90.0000000,0.0000000,0.3483160,0.3483160,0.3483160,0.3483160,0.3483160,0.3483160,0.3483160,0.3483160,0.3483160,0.3483160,0.3483160,0.3483160,0.3483160,0.3483160,0.3483160,0.3483160,0.3483160,0.3483160,0.3483160,0.3483160,0.3483160,0.3483160,0.3483160,0.3483160,0.3483160,0.3483160,0.3483160,0.3483160,0.3483160,0.3483160,0.3483160,0.3483160,0.3483160,0.3483160,0.3483160,0.3483160,0.3483160,0.3483160,0.3483160,0.3483160,0.3483160,0.3483160,0.3483160,0.3483160,0.3483160,0.3483160,0.3483160,0.3483160,0.3483160,0.3483160,0.3483160,0.3483160,0.3483160,0.3483160,0.3483160,0.3483160,0.3483160,0.3483160,0.3483160,0.3483160,0.3483160,0.3483160,0.3483160,0.3483160,0.3483160,0.3483160,0.3483160,0.3483160,0.3483160,0.3483160,0.3483160,0.3483160,0.3483160,0.3483160,0.3483160,0.3483160,0.3483160,0.3483160,0.3483160,0.3483160,0.3483160,0.3483160,0.3483160,0.3483160,0.3483160,0.3483160,0.3483160,0.3483160,0.3483160,0.3483160,0.3483160,0.3483160,0.3483160,0.3483160,0.3483160,0.3483160,0.3483160,0.3483160,0.3483160,0.3483160
209.9800000,0.3483160,0.0000000,-90.0000000,0.0000000,0.3483160,0.3483160,0.3483160,0.3483160,0.3483160,0.3483160,0.3483160,0.3483160,0.3483160,0.3483160,0.3483160,0.3483160,0.3483160,0.3483160,0.3483160,0.3483160,0.3483160,0.3483160,0.3483160,0.3483160,0.3483160,0.3483160,0.3483160,0.3483160,0.3483160,0.3483160,0.3483160,0.3483160,0.3483160,0.3483160,0.3483160,0.3483160,0.3483160,0.3483160,0.3483160,0.3483160,0.3483160,0.3483160,0.3483160,0.3483160,0.3483160,0.3483160,0.3483160,0.3483160,0.3483160,0.3483160,0.3483160,0.3483160,0.3483160,0.3483160,0.3483160,0.3483160,0.3483160,0.3483160,0.3483160,0.3483160,0.3483160,0.3483160,0.3483160,0.3483160,0.3483160,0.3483160,0.3483160,0.3483160,0.3483160,0.3483160,0.3483160,0.3483160,0.3483160,0.3483160,0.3483160,0.3483160,0.3483160,0.3483160,0.3483160,0.3483160,0.3483160,0.3483160,0.3483160,0.3483160,0.3483160,0.3483160,0.3483160,0.3483160,0.3483160,0.3483160,0.3483160,0.3483160,0.3483160,0.3483160,0.3483160,0.3483160,0.3483160,0.3483160,0.3483160,0.3483160,0.3483160,0.3483160,0.3483160,0.3483160
214.9810000,0.3483160,0.0000000,-90.0000000,0.0000000,0.3483160,0.3483160,0.3483160,0.3483160,0.3483160,0.3483160,0.3483160,0.3483160,0.3483160,0.3483160,0.3483160,0.3483160,0.3483160,0.3483160,0.3483160,0.3483160,0.3483160,0.3483160,0.3483160,0.3483160,0.3483160,0.3483160,0.3483160,0.3483160,0.3483160,0.3483160,0.3483160,0.3483160,0.3483160,0.3483160,0.3483160,0.3483160,0.3483160,0.3483160,0.3483160,0.3483160,0.3483160,0.3483160,0.3483160,0.3483160,0.3483160,0.3483160,0.3483160,0.3483160,0.3483160,0.3483160,0.3483160,0.3483160,0.3483160,0.3483160,0.3483160,0.3483160,0.3483160,0.3483160,0.3483160,0.3483160,0.3483160,0.3483160,0.3483160,0.3483160,0.3483160,0.3483160,0.3483160,0.3483160,0.3483160,0.3483160,0.3483160,0.3483160,0.3483160,0.3483160,0.3483160,0.3483160,0.3483160,0.3483160,0.3483160,0.3483160,0.3483160,0.3483160,0.3483160,0.3483160,0.3483160,0.3483160,0.3483160,0.3483160,0.3483160,0.3483160,0.3483160,0.3483160,0.3483160,0.3483160,0.3483160,0.3483160,0.3483160,0.3483160,0.3483160,0.3483160,0.3483160,0.3483160,0.3483160,0.3483160
219.9820000,0.3483160,0.0000000,-90.0000000,0.0000000,0.3483160,0.3483160,0.3483160,0.3483160,0.3483160,0.3483160,0.3483160,0.3483160,0.3483160,0.3483160,0.3483160,0.3483160,0.3483160,0.3483160,0.3483160,0.3483160,0.3483160,0.3483160,0.3483160,0.3483160,0.3483160,0.3483160,0.3483160,0.3483160,0.3483160,0.3483160,0.3483160,0.3483160,0.3483160,0.3483160,0.3483160,0.3483160,0.3483160,0.3483160,0.3483160,0.3483160,0.3483160,0.3483160,0.3483160,0.3483160,0.3483160,0.3483160,0.3483160,0.3483160,0.3483160,0.3483160,0.3483160,0.3483160,0.3483160,0.3483160,0.3483160,0.3483160,0.3483160,0.3483160,0.3483160,0.3483160,0.3483160,0.3483160,0.3483160,0.3483160,0.3483160,0.3483160,0.3483160,0.3483160,0.3483160,0.3483160,0.3483160,0.3483160,0.3483160,0.3483160,0.3483160,0.3483160,0.3483160,0.3483160,0.3483160,0.3483160,0.3483160,0.3483160,0.3483160,0.3483160,0.3483160,0.3483160,0.3483160,0.3483160,0.3483160,0.3483160,0.3483160,0.3483160,0.3483160,0.3483160,0.3483160,0.3483160,0.3483160,0.3483160,0.3483160,0.3483160,0.3483160,0.3483160,0.3483160,0.3483160
224.9830000,0.3483160,0.0000000,-90.0000000,0.0000000,0.3483160,0.3483160,0.3483160,0.3483160,0.3483160,0.3483160,0.3483160,0.3483160,0.3483160,0.3483160,0.3483160,0.3483160,0.3483160,0.3483160,0.3483160,0.3483160,0.3483160,0.3483160,0.3483160,0.3483160,0.3483160,0.3483160,0.3483160,0.3483160,0.3483160,0.3483160,0.3483160,0.3483160,0.3483160,0.3483160,0.3483160,0.3483160,0.3483160,0.3483160,0.3483160,0.3483160,0.3483160,0.3483160,0.3483160,0.3483160,0.3483160,0.3483160,0.3483160,0.3483160,0.3483160,0.3483160,0.3483160,0.3483160,0.3483160,0.3483160,0.3483160,0.3483160,0.3483160,0.3483160,0.3483160,0.3483160,0.3483160,0.3483160,0.3483160,0.3483160,0.3483160,0.3483160,0.3483160,0.3483160,0.3483160,0.3483160,0.3483160,0.3483160,0.3483160,0.3483160,0.3483160,0.3483160,0.3483160,0.3483160,0.3483160,0.3483160,0.3483160,0.3483160,0.3483160,0.3483160,0.3483160,0.3483160,0.3483160,0.3483160,0.3483160,0.3483160,0.3483160,0.3483160,0.3483160,0.3483160,0.3483160,0.3483160,0.3483160,0.3483160,0.3483160,0.3483160,0.3483160,0.3483160,0.3483160,0.3483160
229.9840000,0.3463978,0.0018615,-90.0000000,0.0000000,0.3427290,0.3427290,0.3427290,0.3427290,0.3427290,0.3427290,0.3427290,0.3427290,0.3427290,0.3427290,0.3427290,0.3445910,0.3445910,0.3445910,0.3445910,0.3445910,0.3445910,0.3445910,0.3445910,0.3445910,0.3445910,0.3445910,0.3445910,0.3445910,0.3445910,0.3445910,0.3445910,0.3445910,0.3445910,0.3464540,0.3464540,0.3464540,0.3464540,0.3464540,0.3464540,0.3464540,0.3464540,0.3464540,0.3464540,0.3464540,0.3464540,0.3464540,0.3464540,0.3464540,0.3464540,0.3464540,0.3464540,0.3464540,0.3464540,0.3464540,0.3464540,0.3464540,0.3464540,0.3464540,0.3464540,0.3464540,0.3464540,0.3464540,0.3464540,0.3464540,0.3464540,0.3464540,0.3464540,0.3483160,0.3483160,0.3483160,0.3483160,0.3483160,0.3483160,0.3483160,0.3483160,0.3483160,0.3483160,0.3483160,0.3483160,0.3483160,0.3483160,0.3483160,0.3483160,0.3483160,0.3483160,0.3483160,0.3483160,0.3483160,0.3483160,0.3483160,0.3483160,0.3483160,0.3483160,0.3483160,0.3483160,0.3483160,0.3483160,0.3483160,0.3483160,0.3483160,0.3483160,0.3483160,0.3483160,0.3483160
234.9840000,0.3483160,0.0000000,-90.0000000,0.0000000,0.3483160,0.3483160,0.3483160,0.3483160,0.3483160,0.3483160,0.3483160,0.3483160,0.3483160,0.3483160,0.3483160,0.3483160,0.3483160,0.3483160,0.3483160,0.3483160,0.3483160,0.3483160,0.3483160,0.3483160,0.3483160,0.3483160,0.3483160,0.3483160,0.3483160,0.3483160,0.3483160,0.3483160,0.3483160,0.3483160,0.3483160,0.3483160,0.3483160,0.3483160,0.3483160,0.3483160,0.3483160,0.3483160,0.3483160,0.3483160,0.3483160,0.3483160,0.3483160,0.3483160,0.3483160,0.3483160,0.3483160,0.3483160,0.3483160,0.3483160,0.3483160,0.3483160,0.3483160,0.3483160,0.3483160,0.3483160,0.3483160,0.3483160,0.3483160,0.3483160,0.3483160,0.3483160,0.3483160,0.3483160,0.3483160,0.3483160,0.3483160,0.3483160,0.3483160,0.3483160,0.3483160,0.3483160,0.3483160,0.3483160,0.3483160,0.3483160,0.3483160,0.3483160,0.3483160,0.3483160,0.3483160,0.3483160,0.3483160,0.3483160,0.3483160,0.3483160,0.3483160,0.3483160,0.3483160,0.3483160,0.3483160,0.3483160,0.3483160,0.3483160,0.3483160,0.3483160,0.3483160,0.3483160,0.3483160,0.3483160
239.9850000,0.3178808,0.0057164,-90.0000000,0.0000000,0.3166510,0.3166510,0.3166510,0.3166510,0.3166510,0.3147890,0.3147890,0.3147890,0.3147890,0.3147890,0.3147890,0.3129260,0.3129260,0.3129260,0.3129260,0.3129260,0.3129260,0.3129260,0.3129260,0.3129260,0.3129260,0.3110640,0.3110640,0.3110640,0.3110640,0.3110640,0.3110640,0.3110640,0.3110640,0.3110640,0.3110640,0.3110640,0.3129260,0.3129260,0.3129260,0.3129260,0.3129260,0.3129260,0.3129260,0.3129260,0.3129260,0.3129260,0.3129260,0.3147890,0.3147890,0.3147890,0.3147890,0.3147890,0.3147890,0.3147890,0.3147890,0.3166510,0.3166510,0.3166510,0.3166510,0.3166510,0.3166510,0.3166510,0.3166510,0.3166510,0.3166510,0.3185140,0.3185140,0.3185140,0.3185140,0.3185140,0.3185140,0.3203770,0.3203770,0.3203770,0.3203770,0.3203770,0.3203770,0.3222390,0.3222390,0.3222390,0.3222390,0.3222390,0.3241020,0.3241020,0.3241020,0.3241020,0.3241020,0.3259650,0.3259650,0.3259650,0.3259650,0.3259650,0.3259650,0.3278270,0.3278270,0.3278270,0.3278270,0.3278270,0.3296900,0.3296900,0.3296900,0.3296900,0.3296900,0.3296900
244.9860000,0.3483160,0.0000000,-90.0000000,0.0000000,0.3483160,0.3483160,0.3483160,0.3483160,0.3483160,0.3483160,0.3483160,0.3483160,0.3483160,0.3483160,0.3483160,0.3483160,0.3483160,0.3483160,0.3483160,0.3483160,0.3483160,0.3483160,0.3483160,0.3483160,0.3483160,0.3483160,0.3483160,0.3483160,0.3483160,0.3483160,0.3483160,0.3483160,0.3483160,0.3483160,0.3483160,0.3483160,0.3483160,0.3483160,0.3483160,0.3483160,0.3483160,0.3483160,0.3483160,0.3483160,0.3483160,0.3483160,0.3483160,0.3483160,0.3483160,0.3483160,0.3483160,0.3483160,0.3483160,0.3483160,0.3483160,0.3483160,0.3483160,0.3483160,0.3483160,0.3483160,0.3483160,0.3483160,0.3483160,0.3483160,0.3483160,0.3483160,0.3483160,0.3483160,0.3483160,0.3483160,0.3483160,0.3483160,0.3483160,0.3483160,0.3483160,0.3483160,0.3483160,0.3483160,0.3483160,0.3483160,0.3483160,0.3483160,0.3483160,0.3483160,0.3483160,0.3483160,0.3483160,0.3483160,0.3483160,0.3483160,0.3483160,0.3483160,0.3483160,0.3483160,0.3483160,0.3483160,0.3483160,0.3483160,0.3483160,0.3483160,0.3483160,0.3483160,0.3483160,0.3483160
249.9870000,0.3483160,0.0000000,-90.0000000,0.0000000,0.3483160,0.3483160,0.3483160,0.3483160,0.3483160,0.3483160,0.3483160,0.3483160,0.3483160,0.3483160,0.3483160,0.3483160,0.3483160,0.3483160,0.3483160,0.3483160,0.3483160,0.3483160,0.3483160,0.3483160,0.3483160,0.3483160,0.3483160,0.3483160,0.3483160,0.3483160,0.3483160,0.3483160,0.3483160,0.3483160,0.3483160,0.3483160,0.3483160,0.3483160,0.3483160,0.3483160,0.3483160,0.3483160,0.3483160,0.3483160,0.3483160,0.3483160,0.3483160,0.3483160,0.3483160,0.3483160,0.3483160,0.3483160,0.3483160,0.3483160,0.3483160,0.3483160,0.3483160,0.3483160,0.3483160,0.3483160,0.3483160,0.3483160,0.3483160,0.3483160,0.3483160,0.3483160,0.3483160,0.3483160,0.3483160,0.3483160,0.3483160,0.3483160,0.3483160,0.3483160,0.3483160,0.3483160,0.3483160,0.3483160,0.3483160,0.3483160,0.3483160,0.3483160,0.3483160,0.3483160,0.3483160,0.3483160,0.3483160,0.3483160,0.3483160,0.3483160,0.3483160,0.3483160,0.3483160,0.3483160,0.3483160,0.3483160,0.3483160,0.3483160,0.3483160,0.3483160,0.3483160,0.3483160,0.3483160,0.3483160
254.9880000,0.3483160,0.0000000,-90.0000000,0.0000000,0.3483160,0.3483160,0.3483160,0.3483160,0.3483160,0.3483160,0.3483160,0.3483160,0.3483160,0.3483160,0.3483160,0.3483160,0.3483160,0.3483160,0.3483160,0.3483160,0.3483160,0.3483160,0.3483160,0.3483160,0.3483160,0.3483160,0.3483160,0.3483160,0.3483160,0.3483160,0.3483160,0.3483160,0.3483160,0.3483160,0.3483160,0.3483160,0.3483160,0.3483160,0.3483160,0.3483160,0.3483160,0.3483160,0.3483160,0.3483160,0.3483160,0.3483160,0.3483160,0.3483160,0.3483160,0.3483160,0.3483160,0.3483160,0.3483160,0.3483160,0.3483160,0.3483160,0.3483160,0.3483160,0.3483160,0.3483160,0.3483160,0.3483160,0.3483160,0.3483160,0.3483160,0.3483160,0.3483160,0.3483160,0.3483160,0.3483160,0.3483160,0.3483160,0.3483160,0.3483160,0.3483160,0.3483160,0.3483160,0.3483160,0.3483160,0.3483160,0.3483160,0.3483160,0.3483160,0.3483160,0.3483160,0.3483160,0.3483160,0.3483160,0.3483160,0.3483160,0.3483160,0.3483160,0.3483160,0.3483160,0.3483160,0.3483160,0.3483160,0.3483160,0.3483160,0.3483160,0.3483160,0.3483160,0.3483160,0.3483160
259.9880000,0.3483160,0.0000000,-90.0000000,0.0000000,0.3483160,0.3483160,0.3483160,0.3483160,0.3483160,0.3483160,0.3483160,0.3483160,0.3483160,0.3483160,0.3483160,0.3483160,0.3483160,0.3483160,0.3483160,0.3483160,0.3483160,0.3483160,0.3483160,0.3483160,0.3483160,0.3483160,0.3483160,0.3483160,0.3483160,0.3483160,0.3483160,0.3483160,0.3483160,0.3483160,0.3483160,0.3483160,0.3483160,0.3483160,0.3483160,0.3483160,0.3483160,0.3483160,0.3483160,0.3483160,0.3483160,0.3483160,0.3483160,0.3483160,0.3483160,0.3483160,0.3483160,0.3483160,0.3483160,0.3483160,0.3483160,0.3483160,0.3483160,0.3483160,0.3483160,0.3483160,0.3483160,0.3483160,0.3483160,0.3483160,0.3483160,0.3483160,0.3483160,0.3483160,0.3483160,0.3483160,0.3483160,0.3483160,0.3483160,0.3483160,0.3483160,0.3483160,0.3483160,0.3483160,0.3483160,0.3483160,0.3483160,0.3483160,0.3483160,0.3483160,0.3483160,0.3483160,0.3483160,0.3483160,0.3483160,0.3483160,0.3483160,0.3483160,0.3483160,0.3483160,0.3483160,0.3483160,0.3483160,0.3483160,0.3483160,0.3483160,0.3483160,0.3483160,0.3483160,0.3483160
264.9890000,0.2823413,0.0580618,-90.0000000,0.0000000,0.3464540,0.3464540,0.3464540,0.3464540,0.3445910,0.3445910,0.3445910,0.3445910,0.3445910,0.3445910,0.3445910,0.3445910,0.3445910,0.3445910,0.3427290,0.3427290,0.3427290,0.3427290,0.3427290,0.3408660,0.3408660,0.3408660,0.3408660,0.3390030,0.3390030,0.3371410,0.3371410,0.3352780,0.3352780,0.3334150,0.3334150,0.3315530,0.3315530,0.3315530,0.3296900,0.3278270,0.3259650,0.3241020,0.3222390,0.3203770,0.3185140,0.3166510,0.3166510,0.3147890,0.3110640,0.3092010,0.3054760,0.3036130,0.3017500,0.2998880,0.2980250,0.2943000,0.2924370,0.2887120,0.2849870,0.2849870,0.2812610,0.2793990,0.2756730,0.2719480,0.2700850,0.2682230,0.2663600,0.2626350,0.2589090,0.2570470,0.2533220,0.2514590,0.2495960,0.2458710,0.2421460,0.2384200,0.2365570,0.2346940,0.2309690,0.2272440,0.2253810,0.2216560,0.2197930,0.2160680,0.2142050,0.2104800,0.2086170,0.2048920,0.2048920,0.2030290,0.1993040,0.1974410,0.1937160,0.1918530,0.1899910,0.1899910,0.1881280,0.1862650,0.1844030,0.1825400,0.1806770,0.1788150,0.1788150,0.1769520
269.9900000,0.3474036,0.0011687,-90.0000000,0.0000000,0.3445910,0.3445910,0.3445910,0.3445910,0.3445910,0.3445910,0.3445910,0.3464540,0.3464540,0.3464540,0.3464540,0.3464540,0.3464540,0.3464540,0.3464540,0.3464540,0.3464540,0.3464540,0.3464540,0.3464540,0.3464540,0.3464540,0.3464540,0.3464540,0.3464540,0.3464540,0.3464540,0.3464540,0.3464540,0.3464540,0.3464540,0.3464540,0.3464540,0.3464540,0.3464540,0.3464540,0.3464540,0.3464540,0.3464540,0.3464540,0.3464540,0.3464540,0.3483160,0.3483160,0.3483160,0.3483160,0.3483160,0.3483160,0.3483160,0.3483160,0.3483160,0.3483160,0.3483160,0.3483160,0.3483160,0.3483160,0.3483160,0.3483160,0.3483160,0.3483160,0.3483160,0.3483160,0.3483160,0.3483160,0.3483160,0.3483160,0.3483160,0.3483160,0.3483160,0.3483160,0.3483160,0.3483160,0.3483160,0.3483160,0.3483160,0.3483160,0.3483160,0.3483160,0.3483160,0.3483160,0.3483160,0.3483160,0.3483160,0.3483160,0.3483160,0.3483160,0.3483160,0.3483160,0.3483160,0.3483160,0.3483160,0.3483160,0.3483160,0.3483160,0.3483160,0.3483160,0.3483160,0.3483160,0.3483160,0.3483160
274.9910000,0.3478691,0.0007992,-90.0000000,0.0000000,0.3464540,0.3464540,0.3464540,0.3464540,0.3464540,0.3464540,0.3464540,0.3464540,0.3464540,0.3464540,0.3464540,0.3464540,0.3464540,0.3464540,0.3464540,0.3464540,0.3464540,0.3464540,0.3464540,0.3464540,0.3464540,0.3464540,0.3464540,0.3464540,0.3483160,0.3483160,0.3483160,0.3483160,0.3483160,0.3483160,0.3483160,0.3483160,0.3483160,0.3483160,0.3483160,0.3483160,0.3483160,0.3483160,0.3483160,0.3483160,0.3483160,0.3483160,0.3483160,0.3483160,0.3483160,0.3483160,0.3483160,0.3483160,0.3483160,0.3483160,0.3483160,0.3483160,0.3483160,0.3483160,0.3483160,0.3483160,0.3483160,0.3483160,0.3483160,0.3483160,0.3483160,0.3483160,0.3483160,0.3483160,0.3483160,0.3483160,0.3483160,0.3483160,0.3483160,0.3483160,0.3483160,0.3483160,0.3483160,0.3483160,0.3483160,0.3483160,0.3483160,0.3483160,0.3483160,0.3483160,0.3483160,0.3483160,0.3483160,0.3483160,0.3483160,0.3483160,0.3483160,0.3483160,0.3483160,0.3483160,0.3483160,0.3483160,0.3483160,0.3483160,0.3483160,0.3483160,0.3483160,0.3483160,0.3483160,0.3483160
279.9920000,0.3474594,0.0011360,-90.0000000,0.0000000,0.3445910,0.3445910,0.3445910,0.3445910,0.3445910,0.3445910,0.3464540,0.3464540,0.3464540,0.3464540,0.3464540,0.3464540,0.3464540,0.3464540,0.3464540,0.3464540,0.3464540,0.3464540,0.3464540,0.3464540,0.3464540,0.3464540,0.3464540,0.3464540,0.3464540,0.3464540,0.3464540,0.3464540,0.3464540,0.3464540,0.3464540,0.3464540,0.3464540,0.3464540,0.3464540,0.3464540,0.3464540,0.3464540,0.3464540,0.3464540,0.3483160,0.3483160,0.3483160,0.3483160,0.3483160,0.3483160,0.3483160,0.3483160,0.3483160,0.3483160,0.3483160,0.3483160,0.3483160,0.3483160,0.3483160,0.3483160,0.3483160,0.3483160,0.3483160,0.3483160,0.3483160,0.3483160,0.3483160,0.3483160,0.3483160,0.3483160,0.3483160,0.3483160,0.3483160,0.3483160,0.3483160,0.3483160,0.3483160,0.3483160,0.3483160,0.3483160,0.3483160,0.3483160,0.3483160,0.3483160,0.3483160,0.3483160,0.3483160,0.3483160,0.3483160,0.3483160,0.3483160,0.3483160,0.3483160,0.3483160,0.3483160,0.3483160,0.3483160,0.3483160,0.3483160,0.3483160,0.3483160,0.3483160,0.3483160,0.3483160
284.9920000,0.3483160,0.0000000,-90.0000000,0.0000000,0.3483160,0.3483160,0.3483160,0.3483160,0.3483160,0.3483160,0.3483160,0.3483160,0.3483160,0.3483160,0.3483160,0.3483160,0.3483160,0.3483160,0.3483160,0.3483160,0.3483160,0.3483160,0.3483160,0.3483160,0.3483160,0.3483160,0.3483160,0.3483160,0.3483160,0.3483160,0.3483160,0.3483160,0.3483160,0.3483160,0.3483160,0.3483160,0.3483160,0.3483160,0.3483160,0.3483160,0.3483160,0.3483160,0.3483160,0.3483160,0.3483160,0.3483160,0.3483160,0.3483160,0.3483160,0.3483160,0.3483160,0.3483160,0.3483160,0.3483160,0.3483160,0.3483160,0.3483160,0.3483160,0.3483160,0.3483160,0.3483160,0.3483160,0.3483160,0.3483160,0.3483160,0.3483160,0.3483160,0.3483160,0.3483160,0.3483160,0.3483160,0.3483160,0.3483160,0.3483160,0.3483160,0.3483160,0.3483160,0.3483160,0.3483160,0.3483160,0.3483160,0.3483160,0.3483160,0.3483160,0.3483160,0.3483160,0.3483160,0.3483160,0.3483160,0.3483160,0.3483160,0.3483160,0.3483160,0.3483160,0.3483160,0.3483160,0.3483160,0.3483160,0.3483160,0.3483160,0.3483160,0.3483160,0.3483160,0.3483160
289.9930000,0.3159251,0.0090591,-90.0000000,0.0000000,0.3054760,0.3054760,0.3054760,0.3054760,0.3054760,0.3054760,0.3036130,0.3036130,0.3036130,0.3036130,0.3036130,0.3054760,0.3054760,0.3054760,0.3054760,0.3054760,0.3054760,0.3054760,0.3054760,0.3054760,0.3054760,0.3054760,0.3054760,0.3054760,0.3073380,0.3073380,0.3073380,0.3073380,0.3073380,0.3073380,0.3073380,0.3092010,0.3092010,0.3092010,0.3092010,0.3092010,0.3110640,0.3110640,0.3110640,0.3110640,0.3129260,0.3129260,0.3129260,0.3129260,0.3129260,0.3147890,0.3147890,0.3147890,0.3147890,0.3147890,0.3166510,0.3166510,0.3166510,0.3166510,0.3166510,0.3166510,0.3166510,0.3166510,0.3166510,0.3185140,0.3185140,0.3185140,0.3185140,0.3203770,0.3203770,0.3203770,0.3203770,0.3203770,0.3222390,0.3222390,0.3222390,0.3222390,0.3222390,0.3222390,0.3241020,0.3241020,0.3241020,0.3241020,0.3259650,0.3259650,0.3259650,0.3259650,0.3259650,0.3278270,0.3278270,0.3278270,0.3278270,0.3278270,0.3278270,0.3296900,0.3296900,0.3296900,0.3296900,0.3296900,0.3315530,0.3315530,0.3315530,0.3315530,0.3315530,0.3315530
294.9940000,0.3483160,0.0000000,-90.0000000,0.0000000,0.3483160,0.3483160,0.3483160,0.3483160,0.3483160,0.3483160,0.3483160,0.3483160,0.3483160,0.3483160,0.3483160,0.3483160,0.3483160,0.3483160,0.3483160,0.3483160,0.3483160,0.3483160,0.3483160,0.3483160,0.3483160,0.3483160,0.3483160,0.3483160,0.3483160,0.3483160,0.3483160,0.3483160,0.3483160,0.3483160,0.3483160,0.3483160,0.3483160,0.3483160,0.3483160,0.3483160,0.3483160,0.3483160,0.3483160,0.3483160,0.3483160,0.3483160,0.3483160,0.3483160,0.3483160,0.3483160,0.3483160,0.3483160,0.3483160,0.3483160,0.3483160,0.3483160,0.3483160,0.3483160,0.3483160,0.3483160,0.3483160,0.3483160,0.3483160,0.3483160,0.3483160,0.3483160,0.3483160,0.3483160,0.3483160,0.3483160,0.3483160,0.3483160,0.3483160,0.3483160,0.3483160,0.3483160,0.3483160,0.3483160,0.3483160,0.3483160,0.3483160,0.3483160,0.3483160,0.3483160,0.3483160,0.3483160,0.3483160,0.3483160,0.3483160,0.3483160,0.3483160,0.3483160,0.3483160,0.3483160,0.3483160,0.3483160,0.3483160,0.3483160,0.3483160,0.3483160,0.3483160,0.3483160,0.3483160,0.3483160
299.9950000,0.3483160,0.0000000,-90.0000000,0.0000000,0.3483160,0.3483160,0.3483160,0.3483160,0.3483160,0.3483160,0.3483160,0.3483160,0.3483160,0.3483160,0.3483160,0.3483160,0.3483160,0.3483160,0.3483160,0.3483160,0.3483160,0.3483160,0.3483160,0.3483160,0.3483160,0.3483160,0.3483160,0.3483160,0.3483160,0.3483160,0.3483160,0.3483160,0.3483160,0.3483160,0.3483160,0.3483160,0.3483160,0.3483160,0.3483160,0.3483160,0.3483160,0.3483160,0.3483160,0.3483160,0.3483160,0.3483160,0.3483160,0.3483160,0.3483160,0.3483160,0.3483160,0.3483160,0.3483160,0.3483160,0.3483160,0.3483160,0.3483160,0.3483160,0.3483160,0.3483160,0.3483160,0.3483160,0.3483160,0.3483160,0.3483160,0.3483160,0.3483160,0.3483160,0.3483160,0.3483160,0.3483160,0.3483160,0.3483160,0.3483160,0.3483160,0.3483160,0.3483160,0.3483160,0.3483160,0.3483160,0.3483160,0.3483160,0.3483160,0.3483160,0.3483160,0.3483160,0.3483160,0.3483160,0.3483160,0.3483160,0.3483160,0.3483160,0.3483160,0.3483160,0.3483160,0.3483160,0.3483160,0.3483160,0.3483160,0.3483160,0.3483160,0.3483160,0.3483160,0.3483160
304.9960000,0.3483160,0.0000000,-90.0000000,0.0000000,0.3483160,0.3483160,0.3483160,0.3483160,0.3483160,0.3483160,0.3483160,0.3483160,0.3483160,0.3483160,0.3483160,0.3483160,0.3483160,0.3483160,0.3483160,0.3483160,0.3483160,0.3483160,0.3483160,0.3483160,0.3483160,0.3483160,0.3483160,0.3483160,0.3483160,0.3483160,0.3483160,0.3483160,0.3483160,0.3483160,0.3483160,0.3483160,0.3483160,0.3483160,0.3483160,0.3483160,0.3483160,0.3483160,0.3483160,0.3483160,0.3483160,0.3483160,0.3483160,0.3483160,0.3483160,0.3483160,0.3483160,0.3483160,0.3483160,0.3483160,0.3483160,0.3483160,0.3483160,0.3483160,0.3483160,0.3483160,0.3483160,0.3483160,0.3483160,0.3483160,0.3483160,0.3483160,0.3483160,0.3483160,0.3483160,0.3483160,0.3483160,0.3483160,0.3483160,0.3483160,0.3483160,0.3483160,0.3483160,0.3483160,0.3483160,0.3483160,0.3483160,0.3483160,0.3483160,0.3483160,0.3483160,0.3483160,0.3483160,0.3483160,0.3483160,0.3483160,0.3483160,0.3483160,0.3483160,0.3483160,0.3483160,0.3483160,0.3483160,0.3483160,0.3483160,0.3483160,0.3483160,0.3483160,0.3483160,0.3483160
309.9960000,0.3477202,0.0008730,-90.0000000,0.0000000,0.3464540,0.3464540,0.3464540,0.3464540,0.3464540,0.3464540,0.3464540,0.3464540,0.3464540,0.3464540,0.3464540,0.3464540,0.3464540,0.3464540,0.3464540,0.3464540,0.3464540,0.3464540,0.3464540,0.3464540,0.3464540,0.3464540,0.3464540,0.3464540,0.3464540,0.3464540,0.3464540,0.3464540,0.3464540,0.3464540,0.3464540,0.3464540,0.3483160,0.3483160,0.3483160,0.3483160,0.3483160,0.3483160,0.3483160,0.3483160,0.3483160,0.3483160,0.3483160,0.3483160,0.3483160,0.3483160,0.3483160,0.3483160,0.3483160,0.3483160,0.3483160,0.3483160,0.3483160,0.3483160,0.3483160,0.3483160,0.3483160,0.3483160,0.3483160,0.3483160,0.3483160,0.3483160,0.3483160,0.3483160,0.3483160,0.3483160,0.3483160,0.3483160,0.3483160,0.3483160,0.3483160,0.3483160,0.3483160,0.3483160,0.3483160,0.3483160,0.3483160,0.3483160,0.3483160,0.3483160,0.3483160,0.3483160,0.3483160,0.3483160,0.3483160,0.3483160,0.3483160,0.3483160,0.3483160,0.3483160,0.3483160,0.3483160,0.3483160,0.3483160,0.3483160,0.3483160,0.3483160,0.3483160,0.3483160,0.3483160
314.9970000,0.3483160,0.0000000,-90.0000000,0.0000000,0.3483160,0.3483160,0.3483160,0.3483160,0.3483160,0.3483160,0.3483160,0.3483160,0.3483160,0.3483160,0.3483160,0.3483160,0.3483160,0.3483160,0.3483160,0.3483160,0.3483160,0.3483160,0.3483160,0.3483160,0.3483160,0.3483160,0.3483160,0.3483160,0.3483160,0.3483160,0.3483160,0.3483160,0.3483160,0.3483160,0.3483160,0.3483160,0.3483160,0.3483160,0.3483160,0.3483160,0.3483160,0.3483160,0.3483160,0.3483160,0.3483160,0.3483160,0.3483160,0.3483160,0.3483160,0.3483160,0.3483160,0.3483160,0.3483160,0.3483160,0.3483160,0.3483160,0.3483160,0.3483160,0.3483160,0.3483160,0.3483160,0.3483160,0.3483160,0.3483160,0.3483160,0.3483160,0.3483160,0.3483160,0.3483160,0.3483160,0.3483160,0.3483160,0.3483160,0.3483160,0.3483160,0.3483160,0.3483160,0.3483160,0.3483160,0.3483160,0.3483160,0.3483160,0.3483160,0.3483160,0.3483160,0.3483160,0.3483160,0.3483160,0.3483160,0.3483160,0.3483160,0.3483160,0.3483160,0.3483160,0.3483160,0.3483160,0.3483160,0.3483160,0.3483160,0.3483160,0.3483160,0.3483160,0.3483160,0.3483160
319.9980000,0.3483160,0.0000000,-90.0000000,0.0000000,0.3483160,0.3483160,0.3483160,0.3483160,0.3483160,0.3483160,0.3483160,0.3483160,0.3483160,0.3483160,0.3483160,0.3483160,0.3483160,0.3483160,0.3483160,0.3483160,0.3483160,0.3483160,0.3483160,0.3483160,0.3483160,0.3483160,0.3483160,0.3483160,0.3483160,0.3483160,0.3483160,0.3483160,0.3483160,0.3483160,0.3483160,0.3483160,0.3483160,0.3483160,0.3483160,0.3483160,0.3483160,0.3483160,0.3483160,0.3483160,0.3483160,0.3483160,0.3483160,0.3483160,0.3483160,0.3483160,0.3483160,0.3483160,0.3483160,0.3483160,0.3483160,0.3483160,0.3483160,0.3483160,0.3483160,0.3483160,0.3483160,0.3483160,0.3483160,0.3483160,0.3483160,0.3483160,0.3483160,0.3483160,0.3483160,0.3483160,0.3483160,0.3483160,0.3483160,0.3483160,0.3483160,0.3483160,0.3483160,0.3483160,0.3483160,0.3483160,0.3483160,0.3483160,0.3483160,0.3483160,0.3483160,0.3483160,0.3483160,0.3483160,0.3483160,0.3483160,0.3483160,0.3483160,0.3483160,0.3483160,0.3483160,0.3483160,0.3483160,0.3483160,0.3483160,0.3483160,0.3483160,0.3483160,0.3483160,0.3483160
324.9990000,0.3483160,0.0000000,-90.0000000,0.0000000,0.3483160,0.3483160,0.3483160,0.3483160,0.3483160,0.3483160,0.3483160,0.3483160,0.3483160,0.3483160,0.3483160,0.3483160,0.3483160,0.3483160,0.3483160,0.3483160,0.3483160,0.3483160,0.3483160,0.3483160,0.3483160,0.3483160,0.3483160,0.3483160,0.3483160,0.3483160,0.3483160,0.3483160,0.3483160,0.3483160,0.3483160,0.3483160,0.3483160,0.3483160,0.3483160,0.3483160,0.3483160,0.3483160,0.3483160,0.3483160,0.3483160,0.3483160,0.3483160,0.3483160,0.3483160,0.3483160,0.3483160,0.3483160,0.3483160,0.3483160,0.3483160,0.3483160,0.3483160,0.3483160,0.3483160,0.3483160,0.3483160,0.3483160,0.3483160,0.3483160,0.3483160,0.3483160,0.3483160,0.3483160,0.3483160,0.3483160,0.3483160,0.3483160,0.3483160,0.3483160,0.3483160,0.3483160,0.3483160,0.3483160,0.3483160,0.3483160,0.3483160,0.3483160,0.3483160,0.3483160,0.3483160,0.3483160,0.3483160,0.3483160,0.3483160,0.3483160,0.3483160,0.3483160,0.3483160,0.3483160,0.3483160,0.3483160,0.3483160,0.3483160,0.3483160,0.3483160,0.3483160,0.3483160,0.3483160,0.3483160
330.0000000,0.3483160,0.0000000,-90.0000000,0.0000000,0.3483160,0.3483160,0.3483160,0.3483160,0.3483160,0.3483160,0.3483160,0.3483160,0.3483160,0.3483160,0.3483160,0.3483160,0.3483160,0.3483160,0.3483160,0.3483160,0.3483160,0.3483160,0.3483160,0.3483160,0.3483160,0.3483160,0.3483160,0.3483160,0.3483160,0.3483160,0.3483160,0.3483160,0.3483160,0.3483160,0.3483160,0.3483160,0.3483160,0.3483160,0.3483160,0.3483160,0.3483160,0.3483160,0.3483160,0.3483160,0.3483160,0.3483160,0.3483160,0.3483160,0.3483160,0.3483160,0.3483160,0.3483160,0.3483160,0.3483160,0.3483160,0.3483160,0.3483160,0.3483160,0.3483160,0.3483160,0.3483160,0.3483160,0.3483160,0.3483160,0.3483160,0.3483160,0.3483160,0.3483160,0.3483160,0.3483160,0.3483160,0.3483160,0.3483160,0.3483160,0.3483160,0.3483160,0.3483160,0.3483160,0.3483160,0.3483160,0.3483160,0.3483160,0.3483160,0.3483160,0.3483160,0.3483160,0.3483160,0.3483160,0.3483160,0.3483160,0.3483160,0.3483160,0.3483160,0.3483160,0.3483160,0.3483160,0.3483160,0.3483160,0.3483160,0.3483160,0.3483160,0.3483160,0.3483160,0.3483160
335.0000000,0.3483160,0.0000000,-90.0000000,0.0000000,0.3483160,0.3483160,0.3483160,0.3483160,0.3483160,0.3483160,0.3483160,0.3483160,0.3483160,0.3483160,0.3483160,0.3483160,0.3483160,0.3483160,0.3483160,0.3483160,0.3483160,0.3483160,0.3483160,0.3483160,0.3483160,0.3483160,0.3483160,0.3483160,0.3483160,0.3483160,0.3483160,0.3483160,0.3483160,0.3483160,0.3483160,0.3483160,0.3483160,0.3483160,0.3483160,0.3483160,0.3483160,0.3483160,0.3483160,0.3483160,0.3483160,0.3483160,0.3483160,0.3483160,0.3483160,0.3483160,0.3483160,0.3483160,0.3483160,0.3483160,0.3483160,0.3483160,0.3483160,0.3483160,0.3483160,0.3483160,0.3483160,0.3483160,0.3483160,0.3483160,0.3483160,0.3483160,0.3483160,0.3483160,0.3483160,0.3483160,0.3483160,0.3483160,0.3483160,0.3483160,0.3483160,0.3483160,0.3483160,0.3483160,0.3483160,0.3483160,0.3483160,0.3483160,0.3483160,0.3483160,0.3483160,0.3483160,0.3483160,0.3483160,0.3483160,0.3483160,0.3483160,0.3483160,0.3483160,0.3483160,0.3483160,0.3483160,0.3483160,0.3483160,0.3483160,0.3483160,0.3483160,0.3483160,0.3483160,0.3483160
340.0010000,0.3483160,0.0000000,-90.0000000,0.0000000,0.3483160,0.3483160,0.3483160,0.3483160,0.3483160,0.3483160,0.3483160,0.3483160,0.3483160,0.3483160,0.3483160,0.3483160,0.3483160,0.3483160,0.3483160,0.3483160,0.3483160,0.3483160,0.3483160,0.3483160,0.3483160,0.3483160,0.3483160,0.3483160,0.3483160,0.3483160,0.3483160,0.3483160,0.3483160,0.3483160,0.3483160,0.3483160,0.3483160,0.3483160,0.3483160,0.3483160,0.3483160,0.3483160,0.3483160,0.3483160,0.3483160,0.3483160,0.3483160,0.3483160,0.3483160,0.3483160,0.3483160,0.3483160,0.3483160,0.3483160,0.3483160,0.3483160,0.3483160,0.3483160,0.3483160,0.3483160,0.3483160,0.3483160,0.3483160,0.3483160,0.3483160,0.3483160,0.3483160,0.3483160,0.3483160,0.3483160,0.3483160,0.3483160,0.3483160,0.3483160,0.3483160,0.3483160,0.3483160,0.3483160,0.3483160,0.3483160,0.3483160,0.3483160,0.3483160,0.3483160,0.3483160,0.3483160,0.3483160,0.3483160,0.3483160,0.3483160,0.3483160,0.3483160,0.3483160,0.3483160,0.3483160,0.3483160,0.3483160,0.3483160,0.3483160,0.3483160,0.3483160,0.3483160,0.3483160,0.3483160
345.0020000,0.3206003,0.0112018,-90.0000000,0.0000000,0.2998880,0.2998880,0.2998880,0.2998880,0.2998880,0.3017500,0.3017500,0.3017500,0.3017500,0.3036130,0.3036130,0.3036130,0.3054760,0.3054760,0.3054760,0.3073380,0.3073380,0.3073380,0.3073380,0.3092010,0.3092010,0.3092010,0.3110640,0.3110640,0.3110640,0.3110640,0.3129260,0.3129260,0.3129260,0.3147890,0.3147890,0.3147890,0.3147890,0.3166510,0.3166510,0.3166510,0.3166510,0.3166510,0.3166510,0.3166510,0.3185140,0.3185140,0.3185140,0.3185140,0.3203770,0.3203770,0.3203770,0.3203770,0.3222390,0.3222390,0.3222390,0.3222390,0.3222390,0.3241020,0.3241020,0.3241020,0.3241020,0.3259650,0.3259650,0.3259650,0.3259650,0.3259650,0.3278270,0.3278270,0.3278270,0.3278270,0.3278270,0.3296900,0.3296900,0.3296900,0.3296900,0.3296900,0.3315530,0.3315530,0.3315530,0.3315530,0.3315530,0.3315530,0.3315530,0.3315530,0.3315530,0.3315530,0.3315530,0.3315530,0.3334150,0.3334150,0.3334150,0.3334150,0.3334150,0.3334150,0.3334150,0.3352780,0.3352780,0.3352780,0.3352780,0.3352780,0.3352780,0.3352780,0.3352780,0.3352780
350.0030000,0.3483160,0.0000000,-90.0000000,0.0000000,0.3483160,0.3483160,0.3483160,0.3483160,0.3483160,0.3483160,0.3483160,0.3483160,0.3483160,0.3483160,0.3483160,0.3483160,0.3483160,0.3483160,0.3483160,0.3483160,0.3483160,0.3483160,0.3483160,0.3483160,0.3483160,0.3483160,0.3483160,0.3483160,0.3483160,0.3483160,0.3483160,0.3483160,0.3483160,0.3483160,0.3483160,0.3483160,0.3483160,0.3483160,0.3483160,0.3483160,0.3483160,0.3483160,0.3483160,0.3483160,0.3483160,0.3483160,0.3483160,0.3483160,0.3483160,0.3483160,0.3483160,0.3483160,0.3483160,0.3483160,0.3483160,0.3483160,0.3483160,0.3483160,0.3483160,0.3483160,0.3483160,0.3483160,0.3483160,0.3483160,0.3483160,0.3483160,0.3483160,0.3483160,0.3483160,0.3483160,0.3483160,0.3483160,0.3483160,0.3483160,0.3483160,0.3483160,0.3483160,0.3483160,0.3483160,0.3483160,0.3483160,0.3483160,0.3483160,0.3483160,0.3483160,0.3483160,0.3483160,0.3483160,0.3483160,0.3483160,0.3483160,0.3483160,0.3483160,0.3483160,0.3483160,0.3483160,0.3483160,0.3483160,0.3483160,0.3483160,0.3483160,0.3483160,0.3483160,0.3483160
351.5990000,0.3479064,0.0007752,-90.0000000,0.0000000,0.3464540,0.3464540,0.3464540,0.3464540,0.3464540,0.3464540,0.3464540,0.3464540,0.3464540,0.3464540,0.3464540,0.3464540,0.3464540,0.3464540,0.3464540,0.3464540,0.3464540,0.3464540,0.3464540,0.3464540,0.3464540,0.3464540,0.3483160,0.3483160,0.3483160,0.3483160,0.3483160,0.3483160,0.3483160,0.3483160,0.3483160,0.3483160,0.3483160,0.3483160,0.3483160,0.3483160,0.3483160,0.3483160,0.3483160,0.3483160,0.3483160,0.3483160,0.3483160,0.3483160,0.3483160,0.3483160,0.3483160,0.3483160,0.3483160,0.3483160,0.3483160,0.3483160,0.3483160,0.3483160,0.3483160,0.3483160,0.3483160,0.3483160,0.3483160,0.3483160,0.3483160,0.3483160,0.3483160,0.3483160,0.3483160,0.3483160,0.3483160,0.3483160,0.3483160,0.3483160,0.3483160,0.3483160,0.3483160,0.3483160,0.3483160,0.3483160,0.3483160,0.3483160,0.3483160,0.3483160,0.3483160,0.3483160,0.3483160,0.3483160,0.3483160,0.3483160,0.3483160,0.3483160,0.3483160,0.3483160,0.3483160,0.3483160,0.3483160,0.3483160,0.3483160,0.3483160,0.3483160,0.3483160,0.3483160,0.3483160
356.6000000,0.3483160,0.0000000,-90.0000000,0.0000000,0.3483160,0.3483160,0.3483160,0.3483160,0.3483160,0.3483160,0.3483160,0.3483160,0.3483160,0.3483160,0.3483160,0.3483160,0.3483160,0.3483160,0.3483160,0.3483160,0.3483160,0.3483160,0.3483160,0.3483160,0.3483160,0.3483160,0.3483160,0.3483160,0.3483160,0.3483160,0.3483160,0.3483160,0.3483160,0.3483160,0.3483160,0.3483160,0.3483160,0.3483160,0.3483160,0.3483160,0.3483160,0.3483160,0.3483160,0.3483160,0.3483160,0.3483160,0.3483160,0.3483160,0.3483160,0.3483160,0.3483160,0.3483160,0.3483160,0.3483160,0.3483160,0.3483160,0.3483160,0.3483160,0.3483160,0.3483160,0.3483160,0.3483160,0.3483160,0.3483160,0.3483160,0.3483160,0.3483160,0.3483160,0.3483160,0.3483160,0.3483160,0.3483160,0.3483160,0.3483160,0.3483160,0.3483160,0.3483160,0.3483160,0.3483160,0.3483160,0.3483160,0.3483160,0.3483160,0.3483160,0.3483160,0.3483160,0.3483160,0.3483160,0.3483160,0.3483160,0.3483160,0.3483160,0.3483160,0.3483160,0.3483160,0.3483160,0.3483160,0.3483160,0.3483160,0.3483160,0.3483160,0.3483160,0.3483160,0.3483160
